Date,Close,High,Low,Open,Volume,XGB_Pred,XGB_Prob_Up
2010-10-06,19.27780532836914,19.281029730335344,19.135962385582133,19.22300279243406,14123400,1,0.9469407
2010-10-07,19.161754608154297,19.23912428134705,19.084386164710786,19.23589987884985,14960800,0,0.17626104
2010-10-08,19.152080535888672,19.24556851609278,19.03925106305545,19.174646430455315,16189400,0,0.21482754
2010-10-11,19.200439453125,19.219780948500304,19.126294184771535,19.200439453125,12997000,1,0.66503924
2010-10-12,19.21333694458008,19.27781147722956,19.12952091296035,19.12952091296035,16164400,1,0.66503924
2010-10-13,19.32294273376465,19.332614712725203,19.232679128462085,19.252021856633803,24011000,1,0.948148
2010-10-14,19.31327438354492,19.335840287673577,19.23912909430083,19.322945133957333,14491600,1,0.7688277
2010-10-15,19.32294273376465,19.33583788587913,19.25846943269104,19.32939030982189,19697600,1,0.9504265
2010-10-18,19.3422794342041,19.3422794342041,19.277804923473617,19.281029325372096,19661800,1,0.9416084
2010-10-19,19.451892852783203,19.493801484558645,19.28748395850948,19.329391360535464,35052800,1,0.64468056
2010-10-20,19.71301651000977,19.88387300102952,19.461565919174543,19.461565919174543,32398000,1,0.8459136
2010-10-21,19.816165924072266,19.906429502385254,19.66787417859504,19.66787417859504,23266400,1,0.95427394
2010-10-22,19.861299514770508,19.903208135538204,19.803272572091892,19.82261529623448,9534600,1,0.9175924
2010-10-25,19.667879104614254,19.906434488153085,19.66143275861937,19.75814393528401,21228200,0,0.1337072
2010-10-26,19.742027282714844,19.78393468397734,19.590512314267464,19.596959890557716,15502200,1,0.6133503
2010-10-27,19.725906372070312,19.72913077486866,19.43899601048482,19.671103821991895,19029400,1,0.67464113
2010-10-28,19.732351303100582,19.845182020681907,19.6259693902516,19.754917200667013,16533600,1,0.73292434
2010-10-29,19.76780891418457,19.82583584919628,19.674320937804705,19.713006380978495,14239600,1,0.7618517
2010-11-01,19.893537521362305,19.97090719348357,19.732351831713125,19.783931203210894,17996800,1,0.8766207
2010-11-02,19.941898345947266,19.967687422803664,19.916108039341367,19.92255561599284,13196000,1,0.97365814
2010-11-03,19.970911026000977,19.970911026000977,19.754921520952013,19.93222679739126,15687400,1,0.96152294
2010-11-04,20.132099151611328,20.196573693496113,19.948347506576933,19.96768900831765,27487000,1,0.74406904
2010-11-05,20.174001693725582,20.196567592105655,19.98702570172019,20.122421092000597,16013800,1,0.9648305
2010-11-08,20.13532066345215,20.170781720049487,20.08374128015134,20.14821581671473,11142200,1,0.5820109
2010-11-09,20.19333839416504,20.215904287186223,20.099850420363605,20.14498343615491,16637600,1,0.9549439
2010-11-10,20.164331436157227,20.19334491222793,20.083738583710755,20.167555838914712,18013800,0,0.4028222
2010-11-11,20.24492645263672,20.24492645263672,20.10308345987872,20.144992091960425,16253600,1,0.9540796
2010-11-12,20.283607482910156,20.296502633786275,20.112751037924035,20.219134188028107,20022800,1,0.9599473
2010-11-15,20.296497344970703,20.41577561486963,20.251365558413895,20.2739314516923,22949400,0,0.32747906
2010-11-16,20.0128173828125,20.302950909029914,19.92900012897797,20.28038500909354,23609000,0,0.0528377
2010-11-17,20.154661178588867,20.21913570806727,20.01926454370928,20.032159695554835,16749200,1,0.79976463
2010-11-18,20.58019256591797,20.61565362071109,20.26104430252933,20.270716281858917,41436000,1,0.995411
2010-11-19,20.73492431640625,20.73814871843867,20.48669823911955,20.502816560034468,40774800,1,0.985918
2010-11-22,20.718812942504883,20.731708096225564,20.496378304445635,20.651115230095627,33680600,1,0.81018174
2010-11-23,20.509267807006836,20.631769281445216,20.39966148350919,20.60920338217358,17662200,0,0.15264937
2010-11-24,20.828418731689453,20.834865078246963,20.573745001437462,20.580192577744413,16093000,1,0.9684464
2010-11-26,20.667226791381836,20.751044028389497,20.63176574724391,20.670451193439323,9016800,0,0.12966424
2010-11-29,20.57634162902832,20.66073810845515,20.40754990842225,20.62827744781114,22397800,0,0.17022575
2010-11-30,20.504932403564453,20.63801927423813,20.423782597493837,20.433521416230796,23550600,0,0.3189061
2010-12-01,21.00156593322754,21.03402783238943,20.71916623188264,20.75487110151696,20951600,1,0.9906318
2010-12-02,21.066490173339844,21.085965334338656,20.93989667385647,20.98534036718406,22773600,1,0.9638875
2010-12-03,20.93664932250977,21.079473769281407,20.930158427881725,21.0340300773987,20677800,0,0.24380003
2010-12-06,20.77110481262207,20.933403185780715,20.77110481262207,20.89445286400032,22221600,0,0.08256928
2010-12-07,20.81979179382324,20.959369544216628,20.81330089969821,20.900941591110204,19714600,0,0.24251659
2010-12-08,20.900941848754883,20.917172799010466,20.797070206006964,20.797070206006964,18226600,1,0.7644846
2010-12-09,21.043766021728516,21.069734551212935,20.95612285384242,20.972353803894,19622400,1,0.9598598
2010-12-10,20.985336303710938,21.066486094153365,20.865233722317917,21.05674851553949,17909400,0,0.46163228
2010-12-13,21.05026054382324,21.089213344763312,20.871732444963268,20.90094518829654,18748400,1,0.79177266
2010-12-14,20.74188804626465,21.05999385504465,20.67696796277486,21.043765381981704,27936800,0,0.03756809
2010-12-15,21.014551162719727,21.082716696398936,20.693198653519055,20.741889028002873,26126600,1,0.8665545
2010-12-16,21.209306716918945,21.23852192743134,20.998319256139613,21.050253831002323,28817200,1,0.9761345
2010-12-17,21.326160430908203,21.342391376925782,21.050251684071977,21.10543293814029,29294200,1,0.96499014
2010-12-20,21.199575424194336,21.33915319548153,21.160625100622983,21.248265805154176,18271400,0,0.23697428
2010-12-21,21.25800514221191,21.293711259432506,21.150889267045997,21.21256144329405,18720200,1,0.50653595
2010-12-22,21.290464401245117,21.290464401245117,21.108689607043203,21.232038911533788,15419800,1,0.7634893
2010-12-23,21.28722381591797,21.384602125178308,21.25151769290697,21.267746172868897,13063600,0,0.2469744
2010-12-27,21.121671676635746,21.27748039580561,21.118424990935484,21.27748039580561,9923800,0,0.07432247
2010-12-28,21.215801239013672,21.23852308109314,21.118420500675928,21.13789813424051,9861600,1,0.7750094
2010-12-29,21.245012283325195,21.31318028063186,21.212552865295024,21.225537127806064,8747200,1,0.85720706
2010-12-30,21.261249542236328,21.293708969902458,21.21580584820463,21.23852769522048,9285800,1,0.83139205
2010-12-31,21.3488826751709,21.358622728863356,21.215798325977193,21.215798325977193,10773400,1,0.97351384
2011-01-03,21.17036247253418,21.384596679548768,21.13465635861581,21.384596679548768,18945600,0,0.08025653
2011-01-04,20.732152938842773,21.160625071250266,20.71267777708413,21.105441318774695,27940400,0,0.028755315
2011-01-05,20.60880470275879,20.7581200444618,20.40430685062344,20.706184219597805,34379000,0,0.38816044
2011-01-06,20.459484100341797,20.663981912271563,20.394565260711072,20.65099764904642,21712400,0,0.12039692
2011-01-07,20.423778533935547,20.44974706107032,20.30692387657164,20.378334849697215,16592800,0,0.11915918
2011-01-10,20.4692325592041,20.514676263651506,20.306932907178773,20.352376611626173,14904600,1,0.7937555
2011-01-11,20.349124908447266,20.586082193396823,20.342632775377005,20.56011489936355,15504000,0,0.116665296
2011-01-12,20.462732315063477,20.56660395213506,20.35236854589397,20.51791358052444,14223200,1,0.9284224
2011-01-13,20.579587936401367,20.728903257879793,20.491946011642927,20.53089756545305,17947600,1,0.8853788
2011-01-14,20.491947174072266,20.569850286111645,20.44325680036193,20.569850286111645,12631400,0,0.23403552
2011-01-18,20.605560302734375,20.689956801404353,20.504934089165666,20.5179183563838,16344000,1,0.6400517
2011-01-19,20.58608055114746,20.748380150213265,20.511422884166915,20.670477036080374,18326800,0,0.41977915
2011-01-20,20.42702865600586,20.735398157256213,20.368600698369047,20.651001668115157,20580000,0,0.041868743
2011-01-21,20.37508773803711,20.514665464362512,20.3588580290278,20.508173333109305,16708200,0,0.13237767
2011-01-24,20.530895233154297,20.537387364426408,20.34587382576511,20.40754721547903,15062800,1,0.9089896
2011-01-25,20.4367618560791,20.550372299688963,20.30043080964423,20.521158327131857,18195800,0,0.4204049
2011-01-26,20.4367618560791,20.543880168204332,20.40430243690341,20.504927379296536,13657000,0,0.27101728
2011-01-27,20.35236167907715,20.517906657853302,20.33288528935465,20.511414527945806,13520400,0,0.28739226
2011-01-28,20.193309783935547,20.540630723081723,20.17058794591643,20.4010530105373,23842400,0,0.0144280335
2011-01-31,20.40106201171875,20.40106201171875,20.089447034328032,20.22902480845576,15717800,1,0.9448003
2011-02-01,20.465980529785156,20.55362246758833,20.4010604382738,20.41079925686154,16028000,1,0.9196481
2011-02-02,20.40430450439453,20.605555647820275,20.30692499875289,20.498438563088747,15595200,0,0.10957744
2011-02-03,20.310169219970703,20.443254825240267,20.16734603619892,20.35236745722618,12997400,0,0.120281816
2011-02-04,20.306922912597656,20.404302408235385,20.242002836090016,20.336136885113724,9374600,0,0.32642275
2011-02-07,20.293943405151367,20.342632545255885,20.22902331343092,20.342632545255885,12012800,0,0.3149311
2011-02-08,20.40755271911621,20.423782432549707,20.23551552787518,20.264729507354577,13056800,1,0.8831579
2011-02-09,20.498435974121097,21.017794097446274,20.407547373853607,20.806804163331233,29979600,1,0.7050899
2011-02-10,20.62503242492676,20.62503242492676,20.391320616475088,20.50168438843864,18352400,1,0.8114234
2011-02-11,20.634769439697266,20.66398341495453,20.48869956341096,20.5244056707529,19098000,1,0.7375025
2011-02-14,20.495197296142575,20.693203044967028,20.449753597379186,20.667234509531987,12122600,0,0.31762466
2011-02-15,20.511417388916016,20.52115620425924,20.30367415588828,20.420530034028214,16289200,0,0.38174012
2011-02-16,20.579587936401367,20.60880191132085,20.410796218894102,20.475716300742675,12992800,1,0.95625734
2011-02-17,20.9528751373291,21.008056395874195,20.53738740286824,20.573093505807975,18450600,1,0.98035485
2011-02-18,20.9528751373291,20.98533455550299,20.81329741033601,20.969103608168613,24652400,1,0.8567863
2011-02-22,20.696441650390625,20.861986675190984,20.556865152439936,20.566602730884807,17950200,0,0.06920958
2011-02-23,20.745134353637695,20.88471086729545,20.676968820357654,20.702936111882007,18192200,0,0.30112848
2011-02-24,20.73539924621582,20.894453414413015,20.680216732995152,20.839269662944545,17057000,0,0.41444594
2011-02-25,20.874971389770508,20.90418660223155,20.680212387178848,20.69968878273703,11435400,1,0.7321678
2011-02-28,20.748376846313477,20.93015405233844,20.728901690005248,20.829526632924367,19370000,1,0.5004339
2011-03-01,21.069732666015625,21.18009519170689,20.8392650830814,20.865233610242303,31084000,1,0.711251
2011-03-02,20.91392707824707,21.04052057129433,20.81654632521283,20.96586166376869,20776000,0,0.2310591
2011-03-03,21.28397750854492,21.38460250618899,21.0275437462135,21.030790432862236,29005800,1,0.97089213
2011-03-04,21.16711044311523,21.27747544277272,21.024286023497904,21.22553838964096,23050800,0,0.4187603
2011-03-07,21.17036247253418,21.339152984833685,20.930159732397936,21.20282190068843,23630000,0,0.33019915
2011-03-08,21.306690216064453,21.371609062194523,21.17035915329416,21.22878710540932,20717600,1,0.7884498
2011-03-09,21.300195693969727,21.319670849192484,21.183339809643567,21.27098048464078,14819200,1,0.59572023
2011-03-10,21.193084716796875,21.274234526950107,21.08921305886057,21.18010044999288,17761800,0,0.10275238
2011-03-11,21.189809799194336,21.287896635259692,21.078647046475336,21.22577480612151,12006400,0,0.3125185
2011-03-14,20.905364990234375,21.124424050494948,20.771314370275334,21.03614538321389,17802600,0,0.12775904
2011-03-15,20.607830047607425,20.686299251110068,20.385502092779877,20.581674477923656,25421200,0,0.15570441
2011-03-16,20.140287399291992,20.555517510496273,20.03893285257427,20.496665920106647,31957200,0,0.048749145
2011-03-17,20.362621307373047,20.529367944649227,20.24164911273957,20.41166472944864,20128800,1,0.5942825
2011-03-18,20.499940872192383,20.69611205390245,20.418202671942193,20.5882182781297,23653000,1,0.8699959
2011-03-21,20.784387588500977,20.879204191588535,20.61437199762096,20.640528818014428,12545600,1,0.9383476
2011-03-22,20.7647762298584,20.8497846745253,20.67976903241772,20.82035886632925,8418800,1,0.68131876
2011-03-23,21.013248443603516,21.098256842076303,20.679757794904248,20.69283620193476,12962600,1,0.7820763
2011-03-24,21.150571823120117,21.27481295618059,21.10806637393927,21.11460682509843,13312800,0,0.48321173
2011-03-25,21.323862075805664,21.379443453295405,21.193080456543044,21.20942909437034,12419400,1,0.91061926
2011-03-28,21.261735916137695,21.412133874607846,21.261735916137695,21.31731728231009,11600200,0,0.29196984
2011-03-29,21.48733901977539,21.490609246313948,21.27808942144317,21.317322162097977,11569600,1,0.9570053
2011-03-30,21.591960906982425,21.739088653499792,21.451371118208463,21.487336121926333,18826200,0,0.408765
2011-03-31,21.690052032470703,21.85679869334129,21.565810840824387,21.565810840824387,17723000,0,0.3542563
2011-04-01,21.977766036987305,22.062774457329763,21.77505441754043,21.869871022066302,18720200,1,0.9316573
2011-04-04,22.12162208557129,22.164125040886457,21.958145726657342,21.977762091502612,13485600,1,0.9548805
2011-04-05,22.059505462646484,22.15758980440815,22.007191818145436,22.069313647377463,12470200,0,0.4507984
2011-04-06,22.11181640625,22.17393823490203,21.974496832394617,22.085662078695528,14099800,1,0.75825334
2011-04-07,22.049699783325195,22.151054362997616,21.88622336736211,22.046429556559332,12734600,0,0.16373985
2011-04-08,21.99411392211914,22.115087357022094,21.86006457023655,22.03334915641381,11201800,0,0.16007179
2011-04-11,22.0366153717041,22.180472882361943,21.840444224842344,21.99084218725141,14664000,1,0.5736011
2011-04-12,21.873140335083008,21.948338073650852,21.71293417972177,21.899297154781223,16587400,0,0.2985011
2011-04-13,21.99738121032715,22.059503032716247,21.896026653335753,21.981035069060052,8497400,1,0.73890316
2011-04-14,22.334136962890625,22.386450589472876,21.935254290779483,22.016992461475994,23879600,1,0.9841314
2011-04-15,22.23605728149414,22.347220019435103,22.190284095935915,22.340682061977443,17532200,1,0.53777266
2011-04-18,22.00718879699707,22.118354029075096,21.788131053237883,22.09219721041538,16104600,0,0.05998468
2011-04-19,21.93527030944824,22.069322204621077,21.889497099987477,21.974505558037254,10701800,0,0.17989613
2011-04-20,22.183744430541992,22.24913647969471,22.10527646601035,22.196822840372537,12817800,1,0.89052707
2011-04-21,22.193553924560547,22.28837053059104,22.05950458117383,22.196824150824156,10948800,1,0.8813353
2011-04-25,22.14777374267578,22.22624418151883,22.010454216376917,22.216433505825215,10709200,0,0.43374422
2011-04-26,21.88294982910156,21.915644608456127,21.51676181475585,21.788133222857088,32800000,0,0.100059
2011-04-27,21.905839920043945,22.043159511918983,21.76197987458314,22.026813366858907,16872600,1,0.5083366
2011-04-28,22.039888381958008,22.05296429820945,21.794673793789105,21.886220174259876,14084400,1,0.8816305
2011-04-29,22.056230545043945,22.157585091642485,21.9941087290248,22.088925318677216,14824200,1,0.5762172
2011-05-02,22.14124298095703,22.187016171262943,22.092199564357333,22.154321391680405,12514200,1,0.9497717
2011-05-03,22.193553924560547,22.20009437708776,22.092199360454607,22.141242776601658,10542400,1,0.9540231
2011-05-04,22.056230545043945,22.20989872501678,21.971222138036374,22.18701213402836,13529000,0,0.10284974
2011-05-05,21.807756423950195,22.14778772356337,21.70967205515667,22.13470930883372,14206200,0,0.05709683
2011-05-06,21.873140335083008,22.0954683136146,21.817558964063014,22.049695126368533,17042600,1,0.50527304
2011-05-09,21.889490127563477,21.99738515597601,21.85025738592404,21.860065571333894,8884200,1,0.73543656
2011-05-10,22.016998291015625,22.0562335213408,21.899297588943433,21.90583554677179,11111800,1,0.9151634
2011-05-11,22.01045799255371,22.12489095076854,21.87313844269591,22.000649809628353,11215400,1,0.8371645
2011-05-12,22.334136962890625,22.37337218282731,21.96141110407061,22.023532912024283,17097400,1,0.9574218
2011-05-13,22.291643142700195,22.484544107218955,22.239329494690477,22.321067698866635,16011000,0,0.295537
2011-05-16,22.17721176147461,22.307993396516057,22.141246749476903,22.26548793081756,12364600,0,0.0846398
2011-05-17,22.229516983032227,22.29163880434072,22.069310832472564,22.144511063238188,13276400,1,0.5516478
2011-05-18,22.33087921142578,22.347225356199345,22.118359373752497,22.23279236497592,13418000,1,0.68630296
2011-05-19,22.383190155029297,22.461658134775043,22.23606238119951,22.366844010410485,12960200,1,0.59940815
2011-05-20,22.33087921142578,22.40280673844327,22.196827354241112,22.33741717044478,12970600,0,0.3216685
2011-05-23,22.0660457611084,22.200097618519763,21.964691182203698,22.098740545162933,13230200,0,0.06982899
2011-05-24,22.059505462646484,22.160860030802436,21.974497037558212,22.12162729187851,10881000,0,0.2419054
2011-05-25,21.876419067382812,22.06932007514685,21.84699201016727,21.99739004023396,13132000,0,0.04373324
2011-05-26,21.807756423950195,21.87641872489398,21.676977265558826,21.820834838679843,14872400,1,0.5412441
2011-05-27,21.745634078979492,21.954883696947615,21.735825892895395,21.86333730089309,9097400,0,0.109403625
2011-05-31,21.843711853027344,21.984301631596576,21.788130485661977,21.886217305855,20294000,1,0.8024309
2011-06-01,21.82737159729004,21.96469118702048,21.775057947229605,21.775057947229605,14883000,1,0.7252516
2011-06-02,21.591960906982425,21.827367296971527,21.45464134430599,21.791402293253658,14264200,0,0.1753871
2011-06-03,21.425212860107425,21.52329968083576,21.32058808207455,21.34020444843963,12937800,0,0.056366302
2011-06-06,21.389253616333008,21.50368660835133,21.36963724468762,21.418680668253227,10445400,0,0.13636373
2011-06-07,21.31731605529785,21.48406263866859,21.310778098545647,21.42194082449197,11522000,0,0.050343547
2011-06-08,21.382707595825195,21.42521054985031,21.27481260354852,21.32712623414977,11753000,1,0.75383884
2011-06-09,21.542919158935547,21.683508958579328,21.340207530893963,21.395791401042864,13112000,1,0.9493933
2011-06-10,21.37944793701172,21.520037770674573,21.33040450769632,21.47426456850085,14003200,0,0.18790163
2011-06-13,21.445308685302734,21.488119359599523,21.336632536113623,21.43872088155802,19081600,1,0.5553677
2011-06-14,21.606679916381836,21.682422090148677,21.504591546299757,21.537523035438017,14045000,1,0.91310847
2011-06-15,21.395910263061523,21.570449375087193,21.287234113588987,21.540811795691575,16378400,0,0.12845936
2011-06-16,21.567155838012695,21.656073602725524,21.33992685460316,21.395910624971375,15538800,1,0.6068391
2011-06-17,21.609966278076172,21.810851557984055,21.609966278076172,21.695587617455075,21317400,1,0.7314669
2011-06-20,21.679121017456055,21.781209341942468,21.527634225069285,21.527634225069285,11091800,1,0.59172225
2011-06-21,21.820735931396484,21.83061512578521,21.65936738134296,21.771337446941555,14265000,1,0.97715294
2011-06-22,21.86684226989746,22.0051560274716,21.771339195616793,21.83061687922164,15701200,1,0.6739047
2011-06-23,21.399200439453125,21.72522631860036,21.21807355519881,21.712053225880908,26467800,0,0.042062495
2011-06-24,21.382732391357425,21.53092528025262,21.313575542372305,21.428836957347503,32073800,0,0.19677442
2011-06-27,21.474945068359375,21.557275023005367,21.35638973266828,21.35638973266828,14777600,1,0.7669022
2011-06-28,21.74498748779297,21.768039774878265,21.52104990788832,21.577033674736768,12932400,1,0.9085969
2011-06-29,21.96893310546875,22.00845240314997,21.794393937605633,21.797687840540345,17035400,1,0.9670575
2011-06-30,22.15993309020996,22.225796055449873,22.005152358133987,22.057844740334776,15594600,1,0.93189424
2011-07-01,22.423385620117188,22.423385620117188,22.071013508781068,22.071013508781068,16487000,1,0.97544175
2011-07-05,22.49254608154297,22.653912099672453,22.420095314726595,22.420095314726595,14801200,1,0.6944602
2011-07-06,22.56829261779785,22.640743398675447,22.48925654434569,22.495841836920253,11486000,1,0.72349775
2011-07-07,22.64073944091797,22.686844018414956,22.584755670030347,22.66379172966646,12423400,1,0.8682967
2011-07-08,22.61768913269043,22.61768913269043,22.433270806553868,22.50901297085513,12671600,1,0.6948076
2011-07-11,22.42668342590332,22.48596110506916,22.298248873129214,22.311421969889548,14152400,0,0.04631582
2011-07-12,22.34434700012207,22.53864698056343,22.304830233769,22.38386627898571,13343400,0,0.12974755
2011-07-13,22.41350555419922,22.53535478889021,22.318002507416136,22.449730934444897,14688000,1,0.7625824
2011-07-14,22.285072326660156,22.50242462079274,22.186277885017912,22.383869280813315,15011200,0,0.3085611
2011-07-15,22.23896026611328,22.350930277300275,22.156630336200227,22.34434247590159,17491600,0,0.35768023
2011-07-18,22.10394859313965,22.206036939664692,21.929406967210618,22.150053169796827,14792000,1,0.65484923
2011-07-19,22.82844352722168,22.97993030114966,22.238960910463355,22.294944661423887,37415400,1,0.98548466
2011-07-20,22.680253982543945,22.835032167471137,22.65720169861772,22.805394593499074,15833800,1,0.5094599
2011-07-21,22.835031509399418,22.92724315495741,22.558404110256753,22.663786335526876,22086600,1,0.66496867
2011-07-22,22.963468551635746,22.99310612478105,22.88113860955152,22.904190892834684,13323200,1,0.95520604
2011-07-25,22.808685302734375,22.90747971465897,22.72635536987547,22.7625807413342,13154800,0,0.21607004
2011-07-26,22.78563690185547,22.87455213897865,22.752702913095952,22.83832676135165,11830600,0,0.0818355
2011-07-27,22.62097930908203,22.80539760484336,22.571580833428577,22.647322985254476,18677600,0,0.11767126
2011-07-28,22.66049575805664,22.81527647373615,22.597926701460203,22.607805893948544,15270200,1,0.5062383
2011-07-29,22.39703941345215,22.67366682847864,22.360814035887643,22.512300836379858,20545600,0,0.04019752
2011-08-01,22.304840087890625,22.561709232710857,22.10395472847754,22.55841532988935,17654200,1,0.63305646
2011-08-02,22.087486267089844,22.26531932002255,22.087486267089844,22.19616244041175,18127600,0,0.04379231
2011-08-03,22.52547836303711,22.578168232813304,22.047963070475262,22.064430068067807,28086000,1,0.9579817
2011-08-04,21.67582321166992,22.43655093776568,21.64947703186756,22.317995641165044,32324800,0,0.017882833
2011-08-05,21.988679885864254,22.15004838179361,21.41895809210527,21.82402000125014,43916600,1,0.59744406
2011-08-08,21.445308685302734,22.133585938478515,21.389322403516516,21.794386908443677,50096800,0,0.011856673
2011-08-09,21.959043502807617,22.02161506635567,20.94144531048888,21.675828284920385,43128400,1,0.89312017
2011-08-10,21.063302993774418,21.89977594021017,20.97768036239986,21.81415205257974,38237200,0,0.025629545
2011-08-11,21.889883041381836,22.16651041093103,21.04682407315568,21.076462899358106,38406600,1,0.9277039
2011-08-12,22.110525131225582,22.311410355352063,21.866829249297233,21.985384545913185,20310400,1,0.8873913
2011-08-15,22.459613800048828,22.5320645723895,22.1500548352903,22.219211705476074,23081600,1,0.92401916
2011-08-16,22.44972801208496,22.55181884881088,22.25213665351836,22.29165593023586,21413800,1,0.7659685
2011-08-17,22.815271377563477,22.83832365905743,22.44643487366021,22.54522928898705,23176000,1,0.98329794
2011-08-18,22.314716339111328,22.703313907882407,22.084190909749054,22.476082380906966,39569000,0,0.03762251
2011-08-19,22.09736061096191,22.485958120015077,22.018324553403417,22.23896824169767,30478200,0,0.04250684
2011-08-22,22.153345108032227,22.413508089906593,22.12041362567709,22.39704360498455,19652800,0,0.35161665
2011-08-23,22.742822647094727,22.742822647094727,22.169806947398833,22.219205415693928,23951200,1,0.9903842
2011-08-24,22.946998596191406,22.956877785964625,22.574868210509475,22.66707733173968,19475400,1,0.97626626
2011-08-25,22.383869171142575,22.920659587717065,22.31471230857857,22.920659587717065,25320000,0,0.02868675
2011-08-26,22.558414459228516,22.64732973188388,21.965637599820795,22.370702205834668,19849600,0,0.3203242
2011-08-29,22.963468551635746,23.002985315829488,22.680253349865183,22.70989092301049,17660600,1,0.987587
2011-08-30,23.006277084350582,23.144590771227993,22.894307066990155,22.9799309023234,31678000,1,0.87070584
2011-08-31,23.200584411621097,23.305966672132996,22.940423918881777,23.00958079179478,22322800,1,0.77207935
2011-09-01,23.200584411621097,23.41464283492969,22.97994069625419,23.082029054481296,23530000,1,0.55349654
2011-09-02,22.966760635375977,23.049090579951827,22.887724592086105,22.960175345314536,17530000,0,0.06361932
2011-09-06,22.86467742919922,22.90090281392698,22.19286462949041,22.206037725074236,25784600,0,0.3913236
2011-09-07,23.315834045410156,23.33229852168991,23.022739735027297,23.055671200096544,21287400,1,0.9803154
2011-09-08,23.43769645690918,23.635287892526147,23.233519728859928,23.269745118516035,24867600,1,0.7786544
2011-09-09,22.84492301940918,23.266452101436144,22.634158478395698,23.253279003558863,32891200,0,0.03947797
2011-09-12,22.848201751708984,22.900894114026816,22.459604373400406,22.541934305139428,29144200,0,0.2400676
2011-09-13,22.91120719909668,22.987468482505637,22.738794013927205,22.86478816733384,21421800,1,0.597743
2011-09-14,23.133358001708984,23.37540228737504,22.725533250744757,22.990784524869586,22250000,1,0.8322691
2011-09-15,23.54781150817871,23.54781150817871,23.159879972702807,23.179775648893308,21186000,1,0.97835094
2011-09-16,23.61744499206543,23.766648665669816,23.5478139127593,23.66717786350184,34620600,1,0.86509883
2011-09-19,23.372081756591797,23.438396460548127,23.193035850380664,23.23282467275446,28571200,0,0.09926885
2011-09-20,23.42514419555664,23.70034465068912,23.38203898592839,23.471563244657485,18313400,0,0.40824854
2011-09-21,22.970882415771484,23.56438560975522,22.967566048864654,23.49144071568562,23531000,0,0.021901239
2011-09-22,22.486806869506836,22.596224260761655,22.088928666313937,22.33760317572148,36341000,0,0.117751986
2011-09-23,22.35417366027832,22.450328080382175,22.17181392254801,22.33428051461794,24284400,0,0.1975512
2011-09-26,22.79847526550293,22.841577928018285,22.43375322906881,22.54980080480047,24008200,1,0.86241984
2011-09-27,23.067045211791992,23.34556195142758,22.970890773682545,23.249407513318133,22249200,1,0.9128592
2011-09-28,22.566375732421875,23.26266618896376,22.510010133070494,23.14993246061378,19032600,0,0.12231213
2011-09-29,22.89462661743164,23.090249286000283,22.609479738437244,22.84820759337647,21372600,1,0.7111746
2011-09-30,22.40059471130371,22.91120657646617,22.40059471130371,22.69568820362558,25026200,0,0.024561884
2011-10-03,21.691049575805664,22.188398632277416,21.591581282300183,22.07898123273808,38471200,0,0.019716542
2011-10-04,21.628049850463867,21.694362034181744,21.00138908980977,21.498736791812988,30800000,0,0.41982648
2011-10-05,21.727514266967773,21.750723780111503,21.402581082955574,21.70762112131521,23037800,1,0.8419621
2011-10-06,21.681102752685547,21.883358235720873,21.369429871356072,21.87341165944833,25205400,0,0.24440742
2011-10-07,21.850200653076172,22.052456122363928,21.68110127899259,22.052456122363928,18857800,1,0.90008175
2011-10-10,22.18175888061523,22.191705452721344,21.886665436447828,22.06902516090292,12354400,1,0.9589758
2011-10-11,22.148603439331055,22.28122777745453,22.078972373275004,22.12539392719474,11161000,0,0.4274138
2011-10-12,22.374073028564453,22.5365396474505,22.145291697119468,22.297811741533582,17549600,1,0.54565066
2011-10-13,22.347543716430664,22.407225683757357,22.178444387397157,22.317701467943696,12909400,0,0.46301216
2011-10-14,22.496747970581055,22.61279554080161,22.33096500465246,22.61279554080161,13503000,1,0.6998716
2011-10-17,22.214923858642575,22.496754476292764,22.15524187246329,22.486807900204223,20232800,0,0.07029104
2011-10-18,22.128711700439453,22.37738617311784,22.015980487056073,22.294494682225043,23650600,0,0.09333053
2011-10-19,22.22486686706543,22.4868042904908,22.171817626559633,22.211603924527072,15389400,1,0.7338595
2011-10-20,22.254709243774418,22.40722928934105,22.072346944918845,22.377387036052117,13323600,1,0.7025334
2011-10-21,22.60948371887207,22.652586383183856,22.367439453988897,22.526592228516503,23146600,1,0.9668833
2011-10-24,22.50338554382324,22.762006621529224,22.417177674705297,22.679115120744083,13609200,0,0.29640716
2011-10-25,22.198341369628903,22.523277143373782,22.148608496301147,22.51664693681264,14228200,0,0.03679261
2011-10-26,22.37075424194336,22.393963756417815,22.019295157145173,22.31107227191656,16041200,1,0.70816
2011-10-27,22.7354793548584,22.907892552986564,22.57964293809288,22.85484331111932,26704600,1,0.97595054
2011-10-28,22.85483741760254,22.87141672433762,22.67579152938125,22.7188941853866,17307400,1,0.95398784
2011-10-31,22.652589797973633,22.89463409934405,22.642643222375163,22.76200718885264,18998600,0,0.19919646
2011-11-01,22.22817611694336,22.380696112821266,22.14196828287435,22.25801583086331,23682800,0,0.044193402
2011-11-02,22.47022819519043,22.566382645116615,22.330971073082708,22.354180593433995,14538600,1,0.59486836
2011-11-03,22.762001037597656,22.818366637188564,22.549799050016517,22.579638768747976,17363400,1,0.9090871
2011-11-04,22.47353744506836,22.596217745007067,22.31107085407173,22.533219411302433,15177200,0,0.1531308
2011-11-07,22.61611557006836,22.63600871971344,22.307759102331033,22.433755795810452,12513800,0,0.48608392
2011-11-08,22.762001037597656,22.785210550937865,22.480170509995887,22.64263710337736,12063600,1,0.8910864
2011-11-09,22.22486686706543,22.543169899043097,22.16850125851314,22.496750864982666,18243400,0,0.014286472
2011-11-10,22.34423065185547,22.463594604153407,22.18508040188996,22.417175570442833,16201600,0,0.39485493
2011-11-11,22.586271286010746,22.74873787782572,22.529903157316102,22.536535892290622,12882400,1,0.9677847
2011-11-14,22.476856231689453,22.53653820434701,22.354175918546847,22.476856231689453,9428600,0,0.365592
2011-11-15,22.546483993530273,22.69568765515792,22.37407081721283,22.4735390817488,12217600,0,0.4152331
2011-11-16,22.218233108520508,22.48017049006912,22.1850770222992,22.437065301298915,17781400,0,0.021452205
2011-11-17,22.088924407958984,22.34422907535407,21.916508698072292,22.19502541033255,17467200,0,0.11464743
2011-11-18,22.34423065185547,22.450331661715015,22.18176403386846,22.284548675706503,18688400,1,0.95843035
2011-11-21,21.86677360534668,22.17513004306027,21.681097481010745,22.11213423210199,18588200,0,0.04845498
2011-11-22,21.8734073638916,22.002717889336495,21.73083389613857,21.75404341276592,11787600,0,0.19552949
2011-11-23,21.508686065673828,21.717571722715327,21.48547654822477,21.70430877993763,14089600,0,0.024886394
2011-11-25,21.465578079223633,21.671149871087064,21.465578079223633,21.60152132778994,7572600,0,0.037246592
2011-11-28,21.608152389526367,21.800461247954512,21.46889529741528,21.637994640491577,21318200,1,0.79961663
2011-11-29,22.105777740478516,22.20930904245166,21.711687643518573,21.76512225007692,21656200,1,0.9864746
2011-11-30,22.453105926513672,22.696905875612536,22.28277822436058,22.489840775974994,25300400,1,0.9099371
2011-12-01,22.31951904296875,22.569999947107345,22.269422352536328,22.376294103047854,15429000,0,0.17987296
2011-12-02,22.16923141479492,22.559983604811205,22.099097059669894,22.529924568029735,21170400,0,0.21254908
2011-12-05,22.145849227905273,22.439748431224736,22.002240084835083,22.356254802649584,17955200,0,0.25874227
2011-12-06,22.269426345825195,22.382976486344884,22.08907975674336,22.205970356697147,16730800,1,0.6286467
2011-12-07,22.30282211303711,22.399675047296665,22.10911624451801,22.226009386295154,16832800,1,0.82756746
2011-12-08,22.28612518310547,22.45645038691592,22.229347567144774,22.2761038052132,16118200,1,0.7464982
2011-12-09,22.566659927368164,22.62677544745208,22.34957596328605,22.413031942270063,18298200,1,0.8756972
2011-12-12,22.33955764770508,22.543282328889525,22.149192254404287,22.4631291496112,13380200,0,0.11737212
2011-12-13,22.202627182006836,22.46646481020494,22.139171207921446,22.406349294761775,14276200,0,0.073231034
2011-12-14,22.1291561126709,22.346240096611545,22.065700127882025,22.12581565346522,15762200,0,0.06614421
2011-12-15,22.33955764770508,22.50654492421537,22.306160702007745,22.34623856565872,13474600,1,0.9027398
2011-12-16,22.523239135742188,22.61675157992246,22.463123629051584,22.533257962186788,23957200,1,0.899766
2011-12-19,22.499860763549805,22.666847997082993,22.449764083885256,22.52991724253475,11762000,0,0.45895454
2011-12-20,22.84386444091797,22.924017636002137,22.65349901007799,22.670196212207458,15931000,1,0.98329216
2011-12-21,23.23461151123047,23.311426786033877,22.817143284747225,22.883937181775007,18730400,1,0.9826341
2011-12-22,23.107688903808594,23.244617078999703,23.00749556740738,23.157783023986813,15586800,0,0.17130741
2011-12-23,23.358182907104492,23.368201736806327,23.11438034292328,23.121061261407053,9255200,1,0.9537862
2011-12-27,23.3381404876709,23.44501224106746,23.31476237124114,23.31476237124114,10099800,0,0.32773587
2011-12-28,23.214576721191406,23.394923323086974,23.177839308878003,23.31810803878873,8210000,0,0.119391374
2011-12-29,23.43166160583496,23.44168043719731,23.21457758356179,23.24463407764884,8734000,1,0.9666882
2011-12-30,23.36819839477539,23.47507014301694,23.36819839477539,23.37821722304437,7862000,0,0.29913688
2012-01-03,23.42497444152832,23.615339830737415,23.411615153931805,23.428314900433342,15639600,0,0.11021803
2012-01-04,23.27802276611328,23.401594254428502,23.211228882064876,23.348159656794454,14239200,0,0.20807993
2012-01-05,23.16781997680664,23.33480728442894,23.16113905760825,23.298069872910105,14287600,0,0.12487472
2012-01-06,23.020862579345703,23.254643712090523,22.91733129884775,23.201209116615956,13646600,0,0.16315174
2012-01-09,23.020862579345703,23.10101574656918,22.977446811271165,23.044240692620185,10522600,0,0.24720407
2012-01-10,23.157794952392575,23.21791047559388,23.080982229872063,23.20121327627467,12964400,1,0.8788017
2012-01-11,22.73031234741211,22.96743402733204,22.55998712185116,22.83384621466248,23428800,0,0.099669114
2012-01-12,22.566659927368164,22.87725635646446,22.493185119707427,22.850537781310816,15237000,0,0.03379677
2012-01-13,22.372955322265625,22.51990494574955,22.232686616952993,22.48984591002615,19991800,0,0.06633204
2012-01-17,22.493181228637695,22.670187299369264,22.483162401694116,22.62343107495048,15577000,1,0.75870675
2012-01-18,22.573341369628903,22.65015664664516,22.43641311237026,22.529925590112537,13282200,1,0.8149321
2012-01-19,22.526573181152344,22.623426066872128,22.46311977521512,22.593369592694906,13544800,1,0.5628581
2012-01-20,22.740324020385746,22.750345396403223,22.509883332451675,22.55663956177299,19158600,1,0.964098
2012-01-23,22.887279510498047,22.9173385502325,22.680216883984457,22.71027337569486,13803200,1,0.96476084
2012-01-24,22.67687225341797,22.87725647203546,22.61341627411339,22.763706349094196,14751200,0,0.04291143
2012-01-25,22.85387802124023,22.877256137269782,22.556640882568686,22.68021238045263,14476000,1,0.80740136
2012-01-26,22.71360969543457,22.91733437330987,22.63011605853563,22.91733437330987,14721000,0,0.22598216
2012-01-27,22.523239135742188,22.757020246192862,22.453104802606983,22.68020754476893,16825000,0,0.06295702
2012-01-30,22.529926300048828,22.566663710037197,22.386317119555397,22.47315122934826,10591600,0,0.4314404
2012-01-31,22.553295135498047,22.703585173040256,22.43640458275829,22.703585173040256,13543400,1,0.70647633
2012-02-01,22.660175323486328,22.823822158428943,22.643478122873187,22.670194153458993,14915000,1,0.89243674
2012-02-02,22.653501510620117,22.790429794502337,22.626782926634764,22.73365471455177,13150000,1,0.76576155
2012-02-03,22.736984252929688,22.873912471038945,22.656828539476127,22.797099764008266,16555800,1,0.5721035
2012-02-06,22.72028923034668,22.787085672105288,22.61007701246276,22.656833247681927,14586400,0,0.34273088
2012-02-07,22.89396095275879,23.19453606882811,22.586702369449885,22.74033038709228,24269600,0,0.37368566
2012-02-08,22.820484161376953,22.994149825639717,22.777065834293342,22.99080936632008,16428400,0,0.3923015
2012-02-09,22.700252532958984,22.84052124455546,22.633456088372217,22.830502414873404,16311400,0,0.23438093
2012-02-10,22.690229415893555,22.690229415893555,22.516561240806876,22.553298641382007,10994600,0,0.40432218
2012-02-13,22.85721778869629,22.91065238885168,22.7403246640609,22.8505368711622,11091000,1,0.8476233
2012-02-14,23.010847091674805,23.020865920528937,22.743666431454383,22.867237932710463,12596000,1,0.9688261
2012-02-15,22.84386444091797,23.12774235736016,22.787089367234355,23.121063986113203,14776800,0,0.16809496
2012-02-16,22.99749183654785,23.040907618536735,22.850542192856153,22.913998184091035,11752000,1,0.5636223
2012-02-17,23.060935974121097,23.101011275965668,22.910645948135677,23.067614341754272,14841800,1,0.7251278
2012-02-21,22.984130859375,23.06094613512768,22.877259093995537,23.00416851912619,13424800,0,0.13749275
2012-02-22,23.12773323059082,23.157789711377312,22.91064930438137,22.91064930438137,13766400,1,0.91459376
2012-02-23,23.104358673095703,23.144436535000256,23.017524579647596,23.074299639661408,11120000,1,0.52987534
2012-02-24,23.04424476623535,23.2112320471501,22.987469702250024,23.161135353270936,12485400,0,0.052838977
2012-02-27,22.98747444152832,23.044249517218844,22.88394057335971,22.940718197074453,12086200,0,0.22585894
2012-02-28,22.994152069091797,23.077645724061647,22.977454866912307,23.027549021474908,9049000,0,0.49648678
2012-02-29,23.331459045410156,23.37153690316501,23.01084382744112,23.01084382744112,23464400,1,0.9746455
2012-03-01,23.24463653564453,23.364867620755025,23.174502160667497,23.334811123489665,15294200,1,0.52559036
2012-03-02,23.104358673095703,23.24462736772637,23.03422432578037,23.181173938073552,11995800,0,0.07648499
2012-03-05,23.121063232421875,23.15779809511888,23.04424795145312,23.05092632248238,10338600,0,0.31933212
2012-03-06,22.964086532592773,23.074296177251657,22.924008676702098,22.984124186526547,13161200,0,0.16160242
2012-03-07,22.97410774230957,23.02420443036289,22.87725482487939,22.96074845562713,10933800,0,0.49922514
2012-03-08,23.13442039489746,23.21123567726217,23.07764532203282,23.10436390268351,33754800,1,0.95993555
2012-03-09,23.214576721191406,23.2913894574655,23.14778026788333,23.187858139868176,36742600,1,0.7968631
2012-03-12,23.428316116333008,23.491769550680143,23.157794987505117,23.20455377053143,18143600,1,0.8493709
2012-03-13,23.63353157043457,23.6469886935657,23.384581209218183,23.384581209218183,18068000,1,0.9801342
2012-03-14,23.62343978881836,23.75800845583299,23.58306841870882,23.63689691218821,12918000,1,0.65922946
2012-03-15,23.66044235229492,23.663804707572535,23.475410144689377,23.640255387212143,17991400,0,0.44257617
2012-03-16,23.603256225585938,23.70418080441927,23.50905635865066,23.677266556723477,22898800,0,0.28612143
2012-03-19,23.68399429321289,23.727728016811643,23.54942563339958,23.620073602297733,10652400,1,0.50049925
2012-03-20,23.747913360595703,23.808469131582488,23.525877244766697,23.559518769385175,10180400,1,0.5620646
2012-03-21,23.92621612548828,24.02041341246254,23.667171019625496,23.710907307637523,19870800,1,0.7261371
2012-03-22,24.027143478393555,24.080971972444708,23.86566312960783,23.889212454084245,14252800,1,0.93959856
2012-03-23,24.05069923400879,24.08770569189349,23.983416165137275,24.02042262302197,16206600,1,0.84982646
2012-03-26,24.18862533569336,24.18862533569336,24.08433327470264,24.13479684399702,11536400,1,0.93079907
2012-03-27,24.178531646728516,24.215538090820676,24.1045187585442,24.161709602438048,11430400,1,0.69820166
2012-03-28,24.44430351257324,24.49812943312613,24.188623331567285,24.208807730939174,26260600,1,0.8614402
2012-03-29,24.831193923950195,25.026318411411832,24.313106095181965,24.34002034862863,41063600,1,0.90933585
2012-03-30,24.89847755432129,24.942211287640102,24.66298170563683,24.767273787680576,26555800,1,0.69522816
2012-04-02,24.942216873168945,24.96240128280781,24.7740066150188,24.837927334455006,14579000,1,0.91101056
2012-04-03,24.814363479614254,24.92201787916359,24.713436357112787,24.784084316190476,12989200,0,0.4718754
2012-04-04,24.71344566345215,24.76054432057321,24.62934055192392,24.65625480361719,12487400,0,0.2266325
2012-04-05,24.716808319091797,24.733627799843855,24.58223963965495,24.65288761885538,11531400,0,0.33636418
2012-04-09,24.514955520629883,24.595695698118515,24.4712192258654,24.545232124681633,9806800,0,0.14747313
2012-04-10,24.228994369506836,24.43084864861488,24.205445045835404,24.417391525562092,17290600,0,0.020228855
2012-04-11,24.26264190673828,24.380388541820142,24.168442031988643,24.366931416855913,12026600,0,0.37549198
2012-04-12,24.296281814575195,24.30973893864147,24.161713140596444,24.272732489130213,10640600,1,0.7519737
2012-04-13,24.20208168029785,24.42411778469536,24.20208168029785,24.296278971053383,10525600,0,0.14208025
2012-04-16,24.37029457092285,24.48804119745843,24.269367424358663,24.29628167233364,14147600,1,0.93093604
2012-04-17,24.87828254699707,25.056587479130776,24.619240020465895,24.619240020465895,22614400,1,0.96993434
2012-04-18,24.952306747436523,25.012862537382045,24.8042834794355,24.834560091065956,11779800,1,0.91380435
2012-04-19,24.834552764892575,25.00949023608177,24.699984097301893,24.99267075681034,10731200,0,0.37100986
2012-04-20,24.938840866088867,25.01285375745192,24.807637128375713,24.881650019738764,13461000,1,0.72541237
2012-04-23,24.79081916809082,24.91865799129274,24.669707623295793,24.888381388435914,10472200,0,0.14804709
2012-04-24,24.935483932495117,25.012859196338553,24.797550320110517,24.868198304496193,10288000,1,0.73040915
2012-04-25,25.207977294921875,25.248348661515333,24.999395750881103,25.07677356184766,18596000,1,0.9627282
2012-04-26,25.47038459777832,25.557854608161563,25.17097068917635,25.21470441102617,16782000,1,0.84810066
2012-04-27,25.77988624572754,26.18022721755529,25.54102814461415,25.554485264397275,25103000,1,0.85844135
2012-04-30,25.67559814453125,25.87072254176395,25.54439442800523,25.70923966244092,26517600,0,0.40973926
2012-05-01,25.88081741333008,25.90436673496725,25.662143674308577,25.74961368325389,13841000,1,0.8364295
2012-05-02,25.95819854736328,25.988475150481793,25.783258507065607,25.81690003275858,16558600,1,0.87305266
2012-05-03,26.052396774291992,26.11967982807541,25.97165402973112,26.025482526105034,15612000,1,0.66023386
2012-05-04,25.904369354248047,26.10622106964568,25.890912230997028,26.008658851088665,13160800,0,0.38594645
2012-05-07,25.99856948852539,26.055760343572747,25.85390860613942,25.894279980299725,8965400,1,0.8241745
2012-05-08,25.95146942138672,25.998568071998864,25.77653194292503,25.907735693442287,10561600,1,0.51169604
2012-05-09,25.83035659790039,25.9682901869484,25.732794378821417,25.76643590378703,14070800,0,0.19879769
2012-05-10,26.04229736328125,26.13985699425337,25.971646839678552,25.975011761441365,12659200,1,0.95287216
2012-05-11,26.062475204467773,26.153307535748635,25.971640306504288,25.971640306504288,10604000,1,0.8349459
2012-05-14,25.860631942749023,25.988470745386955,25.776526859430614,25.944737026067425,15411800,0,0.09415563
2012-05-15,25.75971031188965,25.95483476282189,25.65542080766352,25.75634538916764,16397800,0,0.122891165
2012-05-16,25.678972244262695,25.85054481692885,25.541038634845837,25.78999160305906,17804400,0,0.40560386
2012-05-17,25.27189064025879,25.668866646349674,25.22815436415373,25.625130370244616,22310800,0,0.029630443
2012-05-18,24.91193389892578,25.329094513969164,24.716809433280705,25.31563738875045,31913000,0,0.11049349
2012-05-21,25.066679000854492,25.09695559793514,24.93883763535832,24.965751877218924,13488800,1,0.7293321
2012-05-22,24.95903205871582,25.090235818640245,24.86483475073768,25.090235818640245,15260600,0,0.39193565
2012-05-23,25.080142974853516,25.086870253815185,24.83455494246529,24.895110719856625,18000000,1,0.65874434
2012-05-24,25.419925689697266,25.51748791787141,25.09696239988841,25.16088309996073,20204600,1,0.96392107
2012-05-25,25.308900833129883,25.463653866397905,25.23488795489664,25.440104547567625,8999600,0,0.43408844
2012-05-29,25.38628387451172,25.47711882271191,25.251715196942133,25.47711882271191,10533800,1,0.57177675
2012-05-30,25.251708984375,25.315629667998337,25.17096882437101,25.255073906324498,13884600,0,0.16095375
2012-05-31,25.140697479248047,25.305542755644847,25.117148154048504,25.21807273346771,15147600,0,0.12558705
2012-06-01,24.588964462280273,25.04649638664949,24.562052782428538,24.89174331909576,20843400,0,0.030603306
2012-06-04,24.773990631103516,24.807632147691425,24.410656091914415,24.56877404322911,13397200,1,0.8583531
2012-06-05,24.63942527770996,24.773993928656616,24.57550715769004,24.669704443347637,12275200,1,0.51385516
2012-06-06,25.100330352783203,25.100330352783207,24.65962037807399,24.689896987015366,12496400,1,0.92019
2012-06-07,24.989303588867188,25.251711055414265,24.96238934443066,25.22816173320321,14342800,1,0.6342414
2012-06-08,25.312267303466797,25.356003593178876,24.94557034110852,24.948935263397992,11594200,1,0.9787636
2012-06-11,25.11714553833008,25.49393470228366,25.103688415805497,25.473750301838624,10657200,0,0.10929809
2012-06-12,25.29881477355957,25.315636821377,25.00949300455196,25.22480443654165,11911200,1,0.6575178
2012-06-13,25.29881477355957,25.44784873910461,25.22429649868213,25.271716749202348,9376200,1,0.6782187
2012-06-14,25.654470443725582,25.742537743796383,25.302203827652622,25.332689755612225,13945400,1,0.9609928
2012-06-15,25.77301597595215,25.81027511150744,25.54607584790423,25.783179672729716,19748800,1,0.9692264
2012-06-18,25.735767364501953,25.884801368492795,25.664634386161858,25.7289915645598,10457200,0,0.29661167
2012-06-19,25.654470443725582,25.827217144269397,25.62737499957399,25.827217144269397,11115400,0,0.12665841
2012-06-20,25.59349822998047,25.65446749468088,25.34962117117883,25.637533167059058,14706800,0,0.14537701
2012-06-21,25.292036056518555,25.739143069974627,25.275101731406988,25.671400601109283,12804000,0,0.019408196
2012-06-22,25.383495330810547,25.50543386182531,25.356397305205057,25.386880645853765,15252800,1,0.5038119
2012-06-25,25.325912475585938,25.34962260296362,25.122682443175805,25.220910852086217,9734200,1,0.6840934
2012-06-26,25.43091583251953,25.52575633885742,25.132842716360464,25.40042990736236,11859400,1,0.8182948
2012-06-27,25.85770034790039,25.905123189381705,25.48511150468017,25.48511150468017,13644400,1,0.9879144
2012-06-28,25.93560218811035,25.9694734255997,25.637531680310403,25.776404529279663,10891200,1,0.96120214
2012-06-29,26.48432731628418,26.48432731628418,26.108350611233483,26.125284939009944,18519800,1,0.98640555
2012-07-02,26.73158264160156,26.758680659948443,26.42335108158591,26.453834414069203,13350200,1,0.8935267
2012-07-03,26.812883377075195,26.880625855611175,26.66045892405437,26.72142818842072,7335000,1,0.86009103
2012-07-05,26.57238388061523,26.806099756521583,26.48770451505023,26.765452730735085,10546400,0,0.20950691
2012-07-06,26.470781326293945,26.51820158421897,26.365777111565464,26.426746383784817,10036000,0,0.07794132
2012-07-09,26.41319465637207,26.491098242677612,26.32173947427982,26.44029009531633,8615600,0,0.20366046
2012-07-10,26.41319465637207,26.602875650030487,26.358998610064113,26.59948775108381,11583400,0,0.21982974
2012-07-11,26.23705291748047,26.403023741559014,26.13205133672594,26.38608941987452,13645600,0,0.14400747
2012-07-12,25.959314346313477,26.1727054850013,25.91866730761628,26.09141399181689,19104000,0,0.024853526
2012-07-13,26.17609214782715,26.281093762572585,25.85769682026376,25.955925220984593,13307400,1,0.91360056
2012-07-16,25.905115127563477,26.21673460242736,25.810272058326753,26.115118320349858,17575600,0,0.03637013
2012-07-17,26.314964294433594,26.64352069405027,25.999956905381566,26.440288119789976,21209600,1,0.86766773
2012-07-18,26.23029136657715,26.31158286574509,26.020285527498956,26.29803385184874,13852000,1,0.72870994
2012-07-19,26.26754379272461,26.284478117607705,25.911889375456116,26.25738009674335,18050400,1,0.6251069
2012-07-20,26.09140968322754,26.19979918431125,26.010118203467147,26.17270116298793,16436000,0,0.31706092
2012-07-23,26.040607452392575,26.081254493607357,25.86786334170258,25.92883261141968,10655800,0,0.25691825
2012-07-24,25.966083526611328,26.06430932272622,25.776399978581097,26.047374999076105,10445800,0,0.3980003
2012-07-25,26.088014602661133,26.155759637319683,25.989788824771704,26.064304486582852,9020400,1,0.8856995
2012-07-26,26.707874298095703,26.728199105312413,26.318348657129803,26.318348657129803,14144600,1,0.97713166
2012-07-27,27.100791931152344,27.17869552058704,26.72481524347059,26.77562339287269,17825000,1,0.97679377
2012-07-30,27.47677230834961,27.49370663761766,26.951759001046796,27.01950148653934,15947800,1,0.96046287
2012-07-31,27.36838722229004,27.54790716376636,27.229511745020833,27.33451338983666,16333600,1,0.6870593
2012-08-01,27.43950843811035,27.520799923536533,27.297245108352367,27.425959426504363,12954600,1,0.8870768
2012-08-02,27.01272773742676,27.436124723906804,26.934821554861976,27.344672111879568,13393200,0,0.03608439
2012-08-03,27.378538131713867,27.432731591857067,27.100789864929673,27.161759122721794,11834200,1,0.67281795
2012-08-06,27.314178466796875,27.52079634455118,27.307405253979574,27.439504869696673,9179400,1,0.54993886
2012-08-07,27.019502639770508,27.429353222386975,27.012729424616232,27.381930379465913,12782800,0,0.025520885
2012-08-08,26.948366165161133,27.09740270699672,26.880623692077524,26.999174312078697,8790200,0,0.14593312
2012-08-09,26.839984893798828,27.02289272830318,26.70111200610009,26.917891087539942,9583400,0,0.17114156
2012-08-10,26.68755531311035,26.82981605984077,26.62658605248164,26.81288173334986,40577600,0,0.09316346
2012-08-13,26.623193740844727,26.684162991368108,26.45383499874748,26.629969537685835,8898200,0,0.3484631
2012-08-14,26.677398681640625,26.87385292403596,26.589331382781225,26.82643266716017,10841200,1,0.82941073
2012-08-15,26.657073974609375,26.792561530883656,26.57578247452889,26.704494231673845,7692500,1,0.59414136
2012-08-16,26.792552947998047,26.846748986830352,26.62996999991985,26.690939251501515,8824100,1,0.8877167
2012-08-17,26.779003143310547,26.914490652159778,26.60287119075305,26.86707041169394,10541000,0,0.4638866
2012-08-20,26.738365173339844,26.819656664647493,26.59610183328907,26.785785425286797,9211800,0,0.10827796
2012-08-21,26.596099853515625,26.887397141911705,26.57577762825395,26.697716148243455,8329000,0,0.02884935
2012-08-22,26.26416015625,26.589328706762544,26.20996410572628,26.514810429397393,13479200,0,0.053909183
2012-08-23,25.817045211791992,26.311572393231703,25.756075965630433,26.291250172580895,14973300,0,0.028182045
2012-08-24,26.060935974121097,26.11512945257686,25.789960829210756,25.789960829210756,9317800,1,0.63076985
2012-08-27,25.85770034790039,26.121902246681117,25.82382910473677,26.121902246681117,9589400,0,0.14747764
2012-08-28,25.742534637451172,25.9593136697666,25.58672486948758,25.837375141062935,16148800,0,0.09497306
2012-08-29,25.376718521118164,25.776405338138023,25.322525056276582,25.776405338138023,23435400,0,0.02650332
2012-08-30,25.159940719604492,25.491885075698573,25.153167505247872,25.32252629047322,17041800,0,0.067548804
2012-08-31,25.33606719970703,25.458005692804303,25.166708468650725,25.342840411897257,20710300,1,0.80920136
2012-09-04,25.25478172302246,25.464787551151662,25.214137267662636,25.417367297091847,17293400,0,0.21808945
2012-09-05,25.41059684753418,25.48511514366062,25.139624279323264,25.308983103534057,20839200,1,0.918651
2012-09-06,25.844144821166992,25.94575851489102,25.53929857157631,25.5934920247206,19851400,1,0.97749037
2012-09-07,25.674795150756836,26.081255237659654,25.566405621968737,25.999963737121135,16391700,0,0.26441237
2012-09-10,25.51220703125,25.728986067292755,25.46478677862877,25.71543705451384,18216900,0,0.15398708
2012-09-11,25.586729049682617,25.62737609396113,25.444468271023325,25.49188853057642,16505000,1,0.57549655
2012-09-12,25.610595703125,25.80156862925845,25.58331348485229,25.774286410985734,14632200,0,0.31125763
2012-09-13,26.156230926513672,26.251718704584626,25.65152282273255,25.733366887874585,23803400,1,0.9840661
2012-09-14,25.999366760253903,26.292644198725583,25.92434193621096,26.292644198725583,25087400,0,0.4310065
2012-09-17,26.156230926513672,26.176693894131123,25.93797835161763,26.02664427322412,23594400,1,0.73883355
2012-09-18,26.34038352966309,26.599559452828977,26.12213094229478,26.176695390024893,24373700,1,0.6941717
2012-09-19,26.272171020507812,26.469963168957868,26.197146233042265,26.367656167545736,26276800,0,0.21824136
2012-09-20,26.35402488708496,26.51089377310617,26.176695633862405,26.18351488900415,26953000,0,0.48227763
2012-09-21,25.93796730041504,26.422217433809596,25.83566291301957,26.415395580251676,98967500,0,0.03905171
2012-09-24,25.999366760253903,26.081213441996972,25.787936003525296,25.787936003525296,21902000,0,0.4110542
2012-09-25,25.699262619018555,26.10166624810065,25.68562150934747,26.06074291908741,20299200,0,0.022080889
2012-09-26,25.753820419311523,26.047097726832774,25.74018191355376,25.767461526844514,16677400,0,0.35590553
2012-09-27,26.128950119018555,26.156229738309385,25.8493138575251,25.95844014001582,15176100,1,0.9714145
2012-09-28,25.869768142700195,26.06756029628579,25.84930778259658,26.033456227079512,22721200,1,0.70511127
2012-10-01,26.176694869995117,26.32674189471993,26.01982598855153,26.02664524349429,16671400,1,0.7348081
2012-10-02,26.14940643310547,26.388119326019776,25.992537588936724,26.299456023951834,10276000,0,0.37840346
2012-10-03,26.08119773864746,26.27216801084632,26.01299221159442,26.135759558515065,13637100,0,0.1620606
2012-10-04,26.1425838470459,26.29263081698841,26.047096100277848,26.23124713781077,9654500,1,0.6522074
2012-10-05,26.3131103515625,26.326748865058985,26.088035852219942,26.251726633721503,12287900,1,0.77504605
2012-10-08,26.3131103515625,26.38131332615174,26.21762254465018,26.285828121016124,9434600,1,0.5756421
2012-10-09,26.29945945739746,26.483610542447806,26.23125390639229,26.25853612679436,13078700,0,0.09557626
2012-10-10,25.9788875579834,26.415392470407905,25.95160535051324,26.360830657242097,13754500,0,0.02713917
2012-10-11,25.99254035949707,26.108485890764037,25.931156665951125,26.053924053043016,10843800,0,0.45379925
2012-10-12,26.074378967285156,26.18350522169492,25.992534926921618,26.094839326932256,12059700,1,0.7691649
2012-10-15,26.006175994873047,26.088020035113622,25.92432935285734,25.97889378086781,13785100,0,0.17229272
2012-10-16,25.84930992126465,26.0675624530112,25.535569630325497,26.040280236099033,25811800,1,0.536229
2012-10-17,25.740190505981445,26.019826799316125,25.71290828180828,25.958443095814555,15449600,0,0.47991484
2012-10-18,25.80838203430176,25.965250851157293,25.549206222995902,25.7538176101216,23063300,1,0.6184019
2012-10-19,25.50828742980957,25.876586913693448,25.50828742980957,25.86976766104427,19864500,0,0.019501498
2012-10-22,25.3923397064209,25.562849644767887,25.208188660793123,25.487824855611183,13340500,0,0.15589099
2012-10-23,24.969482421875,25.22183646917859,24.92173983459529,25.20819535827355,13287300,0,0.023782989
2012-10-24,25.15362548828125,25.26275173891647,24.96265259833833,24.96265259833833,13531400,1,0.62320167
2012-10-25,25.29686164855957,25.36506460230725,25.133170917078864,25.235477949476294,10457900,1,0.88764393
2012-10-26,25.262754440307617,25.412801424866434,25.085422637953577,25.3173162705721,11896500,1,0.7700942
2012-10-31,25.358243942260746,25.515112808607288,25.180912109503247,25.34460283191203,11643500,1,0.8702408
2012-11-01,25.460554122924805,25.617423008703547,25.337786716354294,25.337786716354294,10622300,1,0.5610976
2012-11-02,25.290037155151367,25.67879963488934,25.23547272203533,25.631057056800493,11237500,0,0.07688374
2012-11-05,25.078617095947266,25.22866676431733,24.983131889448764,25.20138453338155,12139600,0,0.038643707
2012-11-06,25.52193069458008,25.562854023432184,25.139990032396273,25.180910759472752,11448400,1,0.9646833
2012-11-07,25.044504165649418,25.501469617046723,24.826251621433453,25.426444817139572,16745000,0,0.079798535
2012-11-08,24.79897117614746,25.310501101062133,24.798971176147457,24.996763371540645,12921700,0,0.010485331
2012-11-09,24.751220703125,24.908089517891916,24.58753003453892,24.58753003453892,11520300,0,0.112606175
2012-11-12,24.608003616333008,24.751231387061164,24.546619914338653,24.751231387061164,10169700,0,0.05073489
2012-11-13,24.662561416625977,24.93537840336163,24.53979403277249,24.573895505670546,12105200,0,0.20194921
2012-11-14,24.56025123596191,24.79896671908373,24.464766083423296,24.683018604018788,13508300,0,0.17917368
2012-11-15,24.84670639038086,24.88080785490404,24.45794397091165,24.485226183240183,17643600,1,0.9634203
2012-11-16,24.935379028320312,24.99676272178552,24.737586838068452,24.887636444711337,15624800,1,0.9148391
2012-11-19,25.39915657043457,25.43325803104856,25.10587932595986,25.133158933386248,14076200,1,0.96497214
2012-11-20,25.40597915649414,25.419620262885125,25.133162232224468,25.392338050103156,12278600,1,0.9501179
2012-11-21,25.50146484375,25.556029270478543,25.385519339614447,25.46054412547866,8631300,1,0.9305233
2012-11-23,25.869768142700195,25.883409250027672,25.56967158682132,25.61059230702855,5365500,1,0.9332258
2012-11-26,25.48100471496582,25.76746015255506,25.392338821617923,25.631054288050713,13217000,0,0.03497266
2012-11-27,25.52193069458008,25.774287319837953,25.467368857886232,25.53557180419745,11873700,0,0.31657815
2012-11-28,25.79318046569824,25.800046506758704,25.27127227780216,25.449820780892164,14846300,1,0.96797884
2012-11-29,26.074735641479492,26.07473564147949,25.751976695284764,25.875586392992258,12433700,1,0.9224593
2012-11-30,26.0404052734375,26.08160939139393,25.86185933488092,26.054139979422978,13039500,1,0.89098805
2012-12-03,25.669588088989254,26.054149518876507,25.63525262126765,26.02668271647618,12864900,0,0.03308134
2012-12-04,25.511621475219727,25.74510612765768,25.5047528156511,25.62149645168311,11794200,0,0.14279082
2012-12-05,25.621509552001953,25.751985334631552,25.463564356304836,25.54596997587998,14561400,0,0.31919834
2012-12-06,25.669588088989254,25.71078960240388,25.61464924493207,25.642118666960663,8974700,1,0.5816264
2012-12-07,25.896196365356445,25.916799735401668,25.676446295475532,25.710781752714276,10654700,1,0.92422295
2012-12-10,25.848119735717773,25.944260039788965,25.75884547352589,25.88932384587406,8603200,1,0.66671544
2012-12-11,25.999202728271484,26.088477003768872,25.806922091471453,25.841257545239,10671300,1,0.6651945
2012-12-12,25.848119735717773,26.047269005366275,25.751979431646586,26.01979959859542,14681700,0,0.06655372
2012-12-13,25.820650100708008,25.95112847190283,25.772579949097327,25.88932361702812,11442100,0,0.18744636
2012-12-14,25.861852645874023,25.93739219944266,25.751977646036003,25.765712348469084,11800900,0,0.48685676
2012-12-17,25.751976013183594,25.971725998925976,25.669570423436816,25.951125256395898,17588900,0,0.15807165
2012-12-18,25.600906372070312,25.88932997216143,25.497900001745037,25.7725862755732,17952100,0,0.32858494
2012-12-19,25.25754737854004,25.60777585995719,25.25068133481486,25.58030644580143,17991900,0,0.04285631
2012-12-20,25.44295883178711,25.477294285399744,25.168272583258837,25.19573937437263,16182700,1,0.7833202
2012-12-21,25.33307647705078,25.539091758732905,25.085857091181666,25.40861602491373,27942400,1,0.6057266
2012-12-24,25.22321319580078,25.271283363189756,25.11333815325061,25.216347151728492,4851800,0,0.1851694
2012-12-26,25.010324478149418,25.271278637771236,24.886717370567663,25.202607731378357,9982100,0,0.13973363
2012-12-27,25.010324478149418,25.09959875216188,24.859247960159653,24.96225431974897,11380600,1,0.5225171
2012-12-28,24.70129776000977,25.01031939560616,24.687563057596897,24.87297761073071,14053400,0,0.030213993
2012-12-31,24.893579483032227,24.91418022777211,24.43347871966323,24.639494025942284,15651400,1,0.942504
2013-01-02,25.820650100708008,25.82065010070801,25.175134765059685,25.401753439475875,21872400,1,0.9769363
2013-01-03,25.820650100708008,25.82065010070801,25.48415903943322,25.717643755668025,16357900,1,0.88322306
2013-01-04,25.861852645874023,26.006063091981435,25.765712348469084,25.8549866044708,15311300,1,0.76426834
2013-01-07,25.61463928222656,25.76571842499397,25.477294845131397,25.76571842499397,14610200,0,0.24700262
2013-01-08,25.436084747314453,25.60089592040104,25.34681050044384,25.539091075586978,14324300,0,0.107313775
2013-01-09,25.429224014282227,25.545967699603015,25.29188220043732,25.545967699603015,10563700,0,0.23183279
2013-01-10,25.381153106689453,25.52536357874827,25.243808677269445,25.49102812630004,15603700,0,0.3335051
2013-01-11,25.34681701660156,25.367417763626833,25.078996826764897,25.298746860457907,15644800,1,0.86296993
2013-01-14,25.401752471923828,25.48415806874235,25.271274105698925,25.374283066442093,11001500,1,0.9033621
2013-01-15,25.62837600708008,25.703915584415313,25.271281490349164,25.401759894701826,12721600,1,0.92716146
2013-01-16,25.62837600708008,25.697046921224405,25.491031559163964,25.55283642974484,9168000,1,0.68937856
2013-01-17,25.758846282958984,25.8618552517732,25.635239187859582,25.70391008731779,12121800,0,0.49840277
2013-01-18,25.88932228088379,25.896188322348053,25.621502130124487,25.74511183349442,14056100,1,0.9516328
2013-01-22,25.497900009155273,25.916799392964457,25.442961182597212,25.916799392964457,21249400,0,0.026229773
2013-01-23,25.497900009155273,25.58717167287097,25.436095139091172,25.463564552370205,13570200,0,0.11946728
2013-01-24,25.484161376953125,25.580301688992908,25.408621811885578,25.54596623749685,13258900,0,0.41280743
2013-01-25,25.44295883178711,25.58030326586484,25.346818513820853,25.532233106881716,14040700,0,0.21682183
2013-01-28,25.415489196777344,25.48416272302382,25.312482836848375,25.456693312525232,13386500,0,0.29953358
2013-01-29,25.69704818725586,25.800057183174815,25.31248685769728,25.32622156512831,17705800,1,0.96411437
2013-01-30,25.751976013183594,25.8275155619625,25.628366318750192,25.683305124999023,13219400,1,0.7911546
2013-01-31,25.57343864440918,25.772585334282255,25.484164364352555,25.772585334282255,12969100,0,0.09643435
2013-02-01,25.779443740844727,25.89618476709653,25.662700094966628,25.779443740844727,11932600,1,0.70897055
2013-02-04,25.648975372314453,25.80692318164641,25.614639917096454,25.7382496515831,9456300,0,0.3468643
2013-02-05,26.191486358642575,26.205221065644857,25.79319033408658,25.79319033408658,17897300,1,0.98558575
2013-02-06,26.308225631713867,26.390631240234416,26.0953416384398,26.184615909119515,16823700,1,0.95074815
2013-02-07,26.720258712768555,26.823267697464324,26.33569480548196,26.383764966439372,18805300,1,0.97895604
2013-02-08,26.624109268188477,26.74085029919059,26.507365617559955,26.679045453475823,12308000,0,0.30740494
2013-02-11,26.51423454284668,26.66531363824227,26.376890148816727,26.582905430048445,12159900,0,0.16652419
2013-02-12,25.79318046569824,26.205211039614937,25.60089726086082,26.17087559505963,30700500,0,0.020064587
2013-02-13,25.55282974243164,26.054134619447932,25.415485330459298,25.86872005622929,19943800,0,0.02032767
2013-02-14,25.298744201660156,25.75884496771668,25.20260389947681,25.573433024721233,22748600,0,0.052205324
2013-02-15,25.69704818725586,25.69704818725586,25.09273677805592,25.367423067793823,25204300,1,0.9157677
2013-02-19,25.86871910095215,25.937392614215735,25.72450865253862,25.75884409935708,14850600,1,0.9573318
2013-02-20,25.909929275512695,26.01293825971347,25.690179220869844,25.889328526523457,12949300,1,0.78548616
2013-02-21,25.896196365356445,25.95113519264041,25.703915709117513,25.83439149447572,14135100,1,0.6761664
2013-02-22,26.45243453979492,26.45243453979492,25.896190820960644,25.930526270848137,20102800,1,0.95365965
2013-02-25,25.903060913085938,26.58978042726423,25.903060913085938,26.479905409780788,15874600,0,0.024968628
2013-02-26,26.17088508605957,26.22582129334565,25.944266354482444,26.061010051859967,15770000,1,0.509286
2013-02-27,26.404373168945312,26.466178047151796,26.040409944117005,26.11594953077246,14271100,1,0.93796057
2013-02-28,26.589780807495117,26.761460688494697,26.383762854593954,26.41810092649554,19005500,1,0.64592236
2013-03-01,26.576038360595703,26.637843204535805,26.431827931277574,26.431827931277574,13724500,0,0.44520175
2013-03-04,26.658449172973633,26.658449172973633,26.40436370679009,26.50737005380279,9934300,1,0.7535889
2013-03-05,26.56231117248535,26.782061208730408,26.47990556380022,26.76832650401171,13240700,0,0.18519405
2013-03-06,26.795795440673828,26.8095301451502,26.57604540830596,26.644716311060787,11653900,1,0.924478
2013-03-07,26.86445999145508,26.912530135942905,26.672179413503777,26.809523806166023,15094900,1,0.86563355
2013-03-08,26.933143615722656,27.070485440354464,26.802665214844097,26.898805539937317,11183600,0,0.26386574
2013-03-11,26.99494743347168,27.04301759414643,26.905673155235444,26.919407861089272,9200400,1,0.68375474
2013-03-12,26.754592895507812,26.994946308492445,26.644717872883376,26.97434294075668,11375900,0,0.08265178
2013-03-13,26.692344665527344,26.88601722042154,26.664676403802268,26.85143321256053,14358300,0,0.1260826
2013-03-14,26.989768981933594,27.058936990221948,26.740759930350904,26.8514303267665,14572500,1,0.9481141
2013-03-15,26.858348846435547,26.93443260050095,26.74076006544284,26.851430462417532,20781900,1,0.8073498
2013-03-18,26.809934616088867,26.934439172890094,26.67851431217248,26.70618257781521,11479900,0,0.18798202
2013-03-19,27.204195022583008,27.252613157870652,26.851431307098185,26.92059931791183,15192000,1,0.9754783
2013-03-20,27.577695846557617,27.61227983926279,27.2249348992216,27.252603148821542,19271900,1,0.9904901
2013-03-21,27.716041564941406,27.96505059803099,27.501616533427555,27.563868791699953,23063600,1,0.8601879
2013-03-22,27.695297241210938,27.861301537473956,27.59154257710351,27.653794847849824,16128500,1,0.5115653
2013-03-25,27.750621795654297,27.840542298404607,27.639951422496157,27.743706051714963,15718400,1,0.6837175
2013-03-26,28.144887924194336,28.15180630740176,27.757542899461455,27.757542899461455,13666500,1,0.96747977
2013-03-27,27.819799423217773,28.041140225189658,27.70912902223183,27.97888795972316,14559900,0,0.05525646
2013-03-28,27.971967697143555,28.082638090698005,27.681458903534484,27.93046794867958,14227200,1,0.623142
2013-04-01,27.9788875579834,28.00655581748023,27.78521238009605,27.937385168738157,8200500,1,0.5920537
2013-04-02,28.165637969970703,28.290142470905927,27.958128709352096,27.96504709195397,13359200,1,0.86539966
2013-04-03,27.78519821166992,28.234797964163697,27.722948617430493,28.207129718775654,13639200,0,0.034952026
2013-04-04,28.0411319732666,28.07571596866164,27.80595711055474,27.85437523182574,11435900,1,0.75865334
2013-04-05,27.72295570373535,27.91662819377833,27.67453494263483,27.812873566346855,10729500,0,0.050012685
2013-04-08,28.26247215270996,28.269387896216692,27.50852945817265,27.709120321533415,22757900,1,0.99156946
2013-04-09,28.158721923828125,28.449233329645335,28.02038328480041,28.22789256263702,21056100,1,0.6689627
2013-04-10,28.407726287841797,28.47689427671792,28.158717306144336,28.20713542607555,9703700,1,0.92878896
2013-04-11,28.483821868896484,28.64291040562396,28.40081972768878,28.449237863275815,10962500,1,0.8964403
2013-04-12,28.41465187072754,28.43540174493088,28.137974567928183,28.297063093531204,10394700,0,0.2533845
2013-04-15,27.729875564575195,28.352398144409577,27.70220730800696,28.25555924642076,16050600,0,0.01111777
2013-04-16,29.30692672729492,29.383013107016424,28.532234080165907,28.635988714075214,32135700,1,0.99492407
2013-04-17,29.43143653869629,29.535191191311355,29.071757085178582,29.14784347861758,24208000,1,0.99008816
2013-04-18,29.12017250061035,29.50060443228595,29.11325675575724,29.383015661061627,16034200,0,0.22795473
2013-04-19,29.507522583007812,29.583608975546564,29.189345522018833,29.24467940112586,13875800,1,0.97107667
2013-04-22,29.54902458190918,29.638942464097035,29.32768379121693,29.410685928078937,10544100,1,0.8262601
2013-04-23,29.53519630432129,29.71503474291781,29.23085067787827,29.59053019366219,11216200,0,0.19155368
2013-04-24,29.15475845336914,29.673526378599263,29.12017181414837,29.493685353575692,11368200,0,0.024945345
2013-04-25,29.29308700561523,29.42450986861235,29.10633292198991,29.230834764876978,10197100,0,0.4838721
2013-04-26,29.12017250061035,29.348431659615713,29.11325675575724,29.17550901379596,15159800,0,0.083768934
2013-04-29,29.217016220092773,29.25160022724576,28.995672769414313,29.217016220092773,11311100,1,0.8701027
2013-04-30,29.279260635375977,29.320760377392613,28.967999377301656,29.154756132146247,13432200,1,0.9384638
2013-05-01,29.196258544921875,29.4383518293876,29.147840415746757,29.154758799109,8710600,1,0.7220869
2013-05-02,29.02333068847656,29.161669306383907,28.69823797077243,28.815824080910385,18709600,0,0.37513453
2013-05-03,29.217016220092773,29.341518118125403,29.023341030572947,29.168595443769856,11757800,1,0.863719
2013-05-06,29.10634422302246,29.251598628279396,28.961087179175053,29.251598628279396,9356100,0,0.36029485
2013-05-07,29.53519630432129,29.542112051017323,29.154766909858395,29.19626666721635,13785300,1,0.97842944
2013-05-08,29.36918067932129,29.521353447569517,29.161674038085593,29.424517190898865,12636300,0,0.4817021
2013-05-09,29.13401222229004,29.43835782606125,29.051010075166385,29.403771179384933,10113700,0,0.039380465
2013-05-10,29.15475845336914,29.217010709940357,28.947249172405,29.127090197428572,9927000,0,0.39236507
2013-05-13,29.182416915893555,29.355339515240473,29.05099669028211,29.14783292374207,9291000,1,0.7729957
2013-05-14,29.41068649291992,29.51443850634243,29.05792278694835,29.17551156846901,13023900,1,0.9502031
2013-05-15,29.687355041503903,29.811859542792515,29.320759920259597,29.396846297557065,12306200,1,0.9554479
2013-05-16,29.80494499206543,30.040119877405207,29.597438361139737,29.680440485792015,12330000,1,0.7776109
2013-05-17,29.721935272216797,29.83260562300227,29.4383423334172,29.777269128314884,12611200,0,0.3144722
2013-05-20,29.313852310180664,29.70811579413079,29.258515788213337,29.70811579413079,9966000,0,0.105917685
2013-05-21,29.28617477416992,29.438347522795873,29.099418029562557,29.3830110183538,9148800,0,0.14891674
2013-05-22,29.223926544189453,29.64585821351075,29.0786721579415,29.24467641691341,13615600,0,0.12723431
2013-05-23,29.00259017944336,29.09942645165404,28.74666536880221,29.00259017944336,10934200,0,0.45864123
2013-05-24,29.217016220092773,29.306934110972417,28.70516394302049,28.732832204179125,11542100,1,0.8949177
2013-05-28,29.43143653869629,29.77728186262595,29.327684524671643,29.46602054337117,14412100,1,0.91701984
2013-05-29,28.635986328125,29.348426663265897,28.57373408068426,29.28617441582516,16986600,0,0.0077804327
2013-05-30,28.20022964477539,28.77433154330824,28.186395514395123,28.69824778410264,20874500,0,0.055148404
2013-05-31,27.66071319580078,28.200231115821857,27.66071319580078,28.117228967801086,26184400,0,0.043096226
2013-06-03,28.2278995513916,28.24864942887655,27.411704281500892,27.633045103309485,16577200,1,0.8041224
2013-06-04,28.64982032775879,28.85732959648408,28.324727574696425,28.767409089275784,19241000,1,0.95526433
2013-06-05,28.117225646972656,28.63599362836632,28.082639004007422,28.63599362836632,16429300,0,0.23985319
2013-06-06,28.214054107666016,28.214054107666012,27.882043008074312,28.04804723857533,11171600,1,0.5503698
2013-06-07,28.642915725708008,28.864256569100338,28.345488472663757,28.497661291967603,14459600,1,0.96790767
2013-06-10,28.483821868896484,28.718996801143728,28.386985597722415,28.70516267117736,11247400,0,0.23442665
2013-06-11,28.214054107666016,28.34547434336179,27.944295254159613,28.276306353751313,16491600,0,0.07592956
2013-06-12,28.13047790527344,28.513536623269214,28.053865630308803,28.409067512994405,11611100,0,0.16647384
2013-06-13,28.14441299438477,28.19316578646724,27.635989122076168,28.074766907646342,17861200,1,0.6305249
2013-06-14,28.09566116333008,28.409073878029233,28.03994216657112,28.12352066170956,13635100,1,0.5732629
2013-06-17,28.332462310791016,28.49265044532947,28.137451130801253,28.234956720796134,12409200,1,0.88662225
2013-06-18,28.506574630737305,28.548363871218957,28.25584450150249,28.34638652746563,9893100,1,0.96290344
2013-06-19,28.14441299438477,28.861777783736525,28.14441299438477,28.562294828471092,16936100,0,0.04035207
2013-06-20,27.2529296875,28.102623084311645,27.141494357254484,28.046906747602808,24899700,0,0.0148442015
2013-06-21,27.69170570373535,27.837966738097496,27.371329450995276,27.60116632154441,21938300,1,0.6605541
2013-06-24,27.53151512145996,27.86582109321462,27.25292814007826,27.475798787914695,16433700,0,0.24161038
2013-06-25,27.663835525512695,27.810093832532377,27.468821792659803,27.733481579285883,12942100,0,0.39236924
2013-06-26,28.08868980407715,28.193158908699363,27.900642227564447,27.91457197287953,13855600,1,0.9826209
2013-06-27,28.039934158325195,28.4717482893964,28.026007069941052,28.311560204706335,11459100,0,0.3710336
2013-06-28,27.93546485900879,28.165299011320325,27.928498658038222,28.03297041797897,16316000,0,0.115258515
2013-07-01,28.17923164367676,28.499607843640856,28.109585567798476,28.20709113675907,10754300,1,0.73386115
2013-07-02,28.116554260253903,28.374250633203275,27.984225629127348,28.18620300571102,12248300,0,0.18246032
2013-07-03,28.20012664794922,28.248879430797597,27.879747801881788,28.026008807254325,5264800,1,0.723782
2013-07-05,28.22102165222168,28.41603279545622,27.963327976257805,28.360316464601024,10402200,1,0.84688574
2013-07-08,28.23495101928711,28.38817291969823,28.151372538887376,28.311563297906435,9936300,1,0.659247
2013-07-09,28.436922073364254,28.604073683546098,28.36030981168636,28.457815360430253,8760500,1,0.7419149
2013-07-10,28.332462310791016,28.52747349078078,28.227990517609033,28.499613991688506,9539300,0,0.26322436
2013-07-11,28.576221466064453,28.659799949244775,28.37424677378105,28.555328173683183,13489600,1,0.8943208
2013-07-12,28.576221466064453,28.645870202048055,28.36728057176888,28.576221466064453,10686400,1,0.57019204
2013-07-15,28.562292098999023,28.729446410756683,28.506575766298237,28.59015159376324,11418400,0,0.12930132
2013-07-16,28.0190372467041,28.207084797506703,27.51061356793864,27.70562466203309,33575600,0,0.08227218
2013-07-17,28.443891525268555,28.54139709426674,28.074762540681867,28.24191418558518,18513100,1,0.87617606
2013-07-18,28.423002243041992,28.604083660034103,28.374249451666124,28.45782528590649,9708800,1,0.59885126
2013-07-19,28.618013381958008,28.62497692779329,28.40907246813727,28.47175500796628,11401100,1,0.8763922
2013-07-22,28.443891525268555,28.65283240981145,28.388172539082458,28.61104582699937,9425100,1,0.52987534
2013-07-23,28.52747344970703,28.645874992264677,28.409074563977452,28.520509903358025,9400900,0,0.43943584
2013-07-24,28.457820892333984,28.645868482963248,28.38120861576346,28.63890228136913,10511000,0,0.10313032
2013-07-25,28.443891525268555,28.471751018361605,28.19316140108609,28.422998233862515,9147300,1,0.6856126
2013-07-26,28.304601669311523,28.311567872217463,27.865823875215774,28.311567872217463,12279600,1,0.78204244
2013-07-29,28.05387306213379,28.332462743656677,28.03994331237483,28.283709947914385,10132000,0,0.11886655
2013-07-30,28.081727981567383,28.367281162982437,28.032975193776593,28.15137406217489,10769400,0,0.31553292
2013-07-31,27.914569854736328,28.262805490707624,27.90064011047823,28.144403992927316,13557100,0,0.038601756
2013-08-01,28.255844116210938,28.38120917911889,28.137445255035377,28.137445255035377,12001100,1,0.9604563
2013-08-02,28.012086868286133,28.14441550763703,27.79617972919221,27.87975557210709,25516600,0,0.22070898
2013-08-05,28.06083869934082,28.18620378781425,27.98422640562616,27.98422640562616,9933200,0,0.37011364
2013-08-06,28.116554260253903,28.158343507528176,27.900649791406785,28.01904867344192,8645600,1,0.8358356
2013-08-07,27.963333129882812,28.088698218446176,27.90065058560113,28.07476846895824,9301800,0,0.26206678
2013-08-08,27.99814796447754,28.10958327087355,27.872782912678613,28.067794034664814,9481100,1,0.81361425
2013-08-09,27.970287322998047,28.081722624809704,27.893675054847435,28.032969846318803,9021600,0,0.24095958
2013-08-12,27.740461349487305,27.92850631803248,27.656882855880617,27.886719728057084,13970000,0,0.04379887
2013-08-13,27.615095138549805,27.893682135381916,27.510623354220364,27.810106302015065,13548700,0,0.07692082
2013-08-14,27.53151512145996,27.63598689999541,27.406150049948504,27.57330436423968,13787100,0,0.32458678
2013-08-15,27.225072860717773,27.440979996604845,27.17632006500587,27.37133124785348,14227800,0,0.02800262
2013-08-16,27.19720458984375,27.28774660560576,26.96040423411583,27.183274844585963,20565200,0,0.491168
2013-08-19,27.009166717529297,27.22507386135185,26.946484169763277,27.197214360827353,11913000,0,0.10885833
2013-08-20,26.91861915588379,27.259888634830045,26.91861915588379,27.057911302572727,10238200,0,0.038805902
2013-08-21,26.660924911499023,26.953444287299824,26.64003161923739,26.90469150080429,15799000,0,0.067846544
2013-08-22,26.68182373046875,26.828082105686818,26.535562698422805,26.688787276362422,10307900,1,0.70888096
2013-08-23,26.828081130981445,26.890763669058675,26.7236093485768,26.890763669058675,11302800,1,0.89320636
2013-08-26,26.549501419067383,26.88380752832322,26.54253787082048,26.88380752832322,12740600,0,0.02564418
2013-08-27,26.570388793945312,26.63307133523309,26.326622174791545,26.4519872573671,16742500,1,0.82738936
2013-08-28,26.709672927856445,26.8350379726922,26.500732072072555,26.507698272800724,19245200,1,0.94792914
2013-08-29,26.535560607910156,26.79325695174833,26.53556060791016,26.79325695174833,14215700,0,0.23959339
2013-08-30,26.59128189086914,26.660927977635943,26.465916809226577,26.5773521421502,14296600,0,0.36139485
2013-09-03,26.396263122558594,26.74449876978587,26.32661439901685,26.65395675759518,19068500,0,0.035424422
2013-09-04,26.84199905395508,26.97432761745339,26.333575427680575,26.38232819617083,19138600,1,0.96618974
2013-09-05,26.6330623626709,26.94647230669542,26.50769732233028,26.904685731133235,14290500,0,0.3931165
2013-09-06,26.709672927856445,26.89772049511008,26.535555105232017,26.730568873213823,13976900,0,0.2573685
2013-09-09,26.828081130981445,26.84897442473126,26.6539632648589,26.828081130981445,10605500,1,0.74259007
2013-09-10,26.90468978881836,27.009158900306577,26.82111131143487,27.002195355605,11757300,1,0.8373385
2013-09-11,27.009166717529297,27.009166717529297,26.83504882449349,26.939520623046253,11996500,1,0.96026564
2013-09-12,26.967079162597656,27.086341834670247,26.85483335860931,27.07231077465282,12114100,0,0.27835461
2013-09-13,27.14245986938477,27.17753885294271,26.953044598004865,27.05126200535611,11623600,1,0.90488374
2013-09-16,27.2617130279541,27.50023558183287,27.177529384276234,27.380972966818597,13351500,0,0.40964508
2013-09-17,27.21260643005371,27.42306688312829,27.21260643005371,27.226637483745332,12881700,0,0.17168805
2013-09-18,27.773834228515625,27.780848417041927,27.06528343676958,27.226636534372147,18030500,1,0.98894185
2013-09-19,27.577411651611328,27.82996264322144,27.465165874401137,27.808917396291537,14251700,1,0.66841614
2013-09-20,27.64055061340332,27.64055061340332,27.20559587650836,27.591443252165256,30675300,0,0.40103003
2013-09-23,27.10035514831543,27.49321386693986,26.967061503511303,27.472168628770497,19016200,0,0.031053737
2013-09-24,27.030210494995117,27.26873310034021,27.023196304904246,27.16350419207495,15083300,0,0.12525295
2013-09-25,26.889902114868164,27.13543888136642,26.868854194775423,27.114393637423724,11446100,0,0.045578785
2013-09-26,27.17754364013672,27.17754364013672,26.93200409273407,27.00215939605676,10941100,1,0.9220212
2013-09-27,26.939001083374023,27.065277860026494,26.76361696870661,27.05826099679624,12609600,0,0.3674255
2013-09-30,26.574214935302734,26.86885910898997,26.48301440128741,26.79168963221935,18101500,0,0.03571879
2013-10-01,26.623313903808594,26.72152859740596,26.391805546486495,26.65839019778627,13196000,1,0.6272963
2013-10-02,26.258508682250977,26.525093273889055,26.10416981191065,26.525093273889055,25664200,0,0.032596637
2013-10-03,26.069103240966797,26.27956371231385,26.04805799667712,26.27956371231385,14437900,0,0.04559501
2013-10-04,26.0971622467041,26.146269594972424,25.893715988935483,26.132238541731507,17217500,1,0.7628594
2013-10-07,25.9919376373291,26.22344606349927,25.837601362699477,26.012985560894883,16708600,0,0.3489553
2013-10-08,26.15329933166504,26.244499893874877,25.88671719005377,26.027022453574915,20471300,1,0.842726
2013-10-09,26.012977600097656,26.251497467544286,25.963867577573723,26.223438038294468,18998900,1,0.63834286
2013-10-10,26.50405502319336,26.56017924237654,26.272549309437892,26.497040833870493,17174400,1,0.9361641
2013-10-11,26.497041702270508,26.602270602462593,26.32165752580021,26.602270602462593,14266900,1,0.5902978
2013-10-14,26.59525680541992,26.623318916345365,26.314641048465877,26.349720025197776,14202900,1,0.9360379
2013-10-15,26.419876098632812,26.917966590345845,26.377782926712488,26.784675560157307,21676600,0,0.034542862
2013-10-16,26.658384323120117,26.82675424371911,26.50404545225013,26.66539850991007,17995100,0,0.31125015
2013-10-17,27.04423713684082,27.051254001936673,26.66540670616229,26.70048567934172,15900200,1,0.9845644
2013-10-18,27.20559883117676,27.20559883117676,26.953045131009237,27.065293598773263,18896600,1,0.96603906
2013-10-21,27.233654022216797,27.32485454100611,27.079315094442588,27.32485454100611,12977500,1,0.69800115
2013-10-22,27.423072814941406,27.535318592604092,27.14245703270947,27.261719676810696,17110200,1,0.9011773
2013-10-23,27.423072814941406,27.535318592604092,27.219626506630775,27.416058624653303,12591800,0,0.4528253
2013-10-24,27.219629287719727,27.619505078758635,27.19156717139928,27.465168791297582,17143800,0,0.07559145
2013-10-25,27.380979537963867,27.451134821323436,27.10036643297688,27.24768851380633,14383400,0,0.4761099
2013-10-28,27.787870407104492,27.879070931666647,27.35291838220463,27.373963627815034,16552100,1,0.9794215
2013-10-29,27.921154022216797,28.033399762637934,27.605462040985607,27.759800937620756,14199600,1,0.9215688
2013-10-30,27.79488754272461,27.98430280174386,27.71771806577411,27.977288611180423,12360000,0,0.2918746
2013-10-31,27.759811401367188,27.96325771886402,27.717718229286636,27.717718229286636,14853500,0,0.2556644
2013-11-01,27.787870407104492,27.865039875876295,27.59144097834009,27.75980829552379,12430400,0,0.4410609
2013-11-04,27.717700958251953,27.9281640113636,27.57037896199291,27.85800876827675,10252100,0,0.13449363
2013-11-05,27.710697174072266,27.80891187511284,27.51426777199111,27.612482473031687,10575000,1,0.5883161
2013-11-06,28.09654235839844,28.215804980755884,27.654573518614885,27.794881384150138,17198000,1,0.9759729
2013-11-07,27.942209243774418,28.23685338585733,27.893099210610348,28.117593426295265,16233200,0,0.3394071
2013-11-08,28.09654235839844,28.09654235839844,27.703683546279677,27.87906770916125,11903600,1,0.6647167
2013-11-11,27.970258712768555,28.09653549328077,27.90010613521701,28.068473391800435,9567800,0,0.35707766
2013-11-12,27.977275848388672,28.05444529013569,27.79487486314131,27.998321086629016,10509200,0,0.29114982
2013-11-13,28.14564514160156,28.14564514160157,27.815924788682985,27.935184715533435,11770500,1,0.74606866
2013-11-14,28.20878791809082,28.37014102567415,28.082511107608227,28.124604269819063,10887200,1,0.67930096
2013-11-15,28.21580696105957,28.285959560675824,28.033405920217092,28.173713795599735,12021500,0,0.43234265
2013-11-18,28.180727005004883,28.229837034408423,28.06146705457496,28.229837034408423,9553900,0,0.3915962
2013-11-19,28.159679412841797,28.22281781549547,28.00534050054397,28.159679412841797,11014800,0,0.36955833
2013-11-20,28.103561401367188,28.37716028848026,28.019375069832275,28.0965445356642,14422500,0,0.17343742
2013-11-21,28.36312484741211,28.405218006670665,28.13161648571466,28.201771751145586,26364300,1,0.8934077
2013-11-22,28.36312484741211,28.384170088966517,28.124602297246433,28.299986446599146,26396500,1,0.7435798
2013-11-25,28.32103729248047,28.678822526604417,28.29297785690528,28.39820676165035,14059100,0,0.059330303
2013-11-26,28.23685836791992,28.482395196311113,28.229844176887624,28.405228390352967,14240400,0,0.20035245
2013-11-27,28.39226531982422,28.526492737394605,28.039039812359835,28.321621296290044,9909100,1,0.87187785
2013-11-29,28.39226531982422,28.59713676092878,28.33575063997623,28.44878269456896,8641100,1,0.85003793
2013-12-02,28.314565658569336,28.399339048803483,28.08143546680357,28.328692311193787,16738800,0,0.2859403
2013-12-03,28.505308151245117,28.53356684930108,28.265114607564957,28.29337330562092,16592300,1,0.81765306
2013-12-04,28.519432067871097,28.590078799554167,28.21565785887703,28.39933666635576,13196100,1,0.78585255
2013-12-05,28.137954711914062,28.54063171069501,28.116759341785084,28.455855619974425,18171200,0,0.025446884
2013-12-06,28.5830078125,28.61126650026314,28.293363000169748,28.293363000169748,12557100,1,0.9888277
2013-12-09,28.54063415527344,28.61127820869377,28.39934335353488,28.54063415527344,12237100,1,0.78754556
2013-12-10,28.152082443237305,28.462922731317583,28.081438393163296,28.44172736037717,15967800,0,0.018132478
2013-12-11,28.34988594055176,28.4982400380838,28.18033647558848,28.22272451555363,14963500,1,0.5857066
2013-12-12,27.69994354248047,28.40639455470326,27.678750874480745,28.250977164544036,19817700,0,0.022919597
2013-12-13,27.714075088500977,28.003719918734017,27.69994574374608,27.883624530662807,14037400,0,0.04749259
2013-12-16,27.742332458496097,27.95426722994537,27.692881101654493,27.876557184938036,14562100,0,0.4831215
2013-12-17,27.622230529785156,27.728199248182655,27.459747137833062,27.63635987189792,17655700,0,0.20248882
2013-12-18,28.272178649902344,28.31456669401827,27.551598069317112,27.73527420402429,23884500,1,0.9898555
2013-12-19,28.159143447875977,28.328690215803395,27.94720864051806,28.23685350604991,14791800,1,0.76933265
2013-12-20,28.286300659179688,28.39226669963068,28.152073235086117,28.201524592942626,22237200,1,0.8016101
2013-12-23,28.371078491210938,28.427595877588352,28.16620700793877,28.328690451427875,10943200,1,0.95945585
2013-12-24,28.39226531982422,28.477041381941333,28.32868462068476,28.378135976138033,4783800,1,0.85048556
2013-12-26,28.60420799255371,28.63953001075727,28.356948475334317,28.413465860377805,8588300,1,0.9668833
2013-12-27,28.724302291870117,28.816141691595192,28.63246289214504,28.745494963000077,6762200,0,0.48207846
2013-12-30,29.02806282043457,29.06338482065306,28.794932768179983,28.801998785161203,10927500,1,0.96849793
2013-12-31,29.183490753173828,29.24000542983875,28.950360637827437,29.056329362056996,11729200,1,0.9641267
2014-01-02,28.724302291870117,29.12697921272226,28.61833354642602,29.049269158716207,12698600,0,0.037331738
2014-01-03,28.5830078125,28.773749912556035,28.505297768599743,28.7384279003005,10403400,0,0.06428143
2014-01-06,28.44878578186035,28.674849915578527,28.371075730601532,28.597139864319708,11036300,0,0.06671222
2014-01-07,28.5335636138916,28.76669380407212,28.46291957165976,28.597144329859248,11872300,1,0.67150795
2014-01-08,28.21565818786621,28.56888376570834,28.13795082445467,28.56888376570834,15339600,0,0.08574741
2014-01-09,28.067302703857425,28.258044829846547,27.918948615276047,28.22272281278867,14070200,0,0.25136563
2014-01-10,28.34988594055176,28.462918018894836,28.187402496364665,28.229787841432493,13290000,1,0.9420257
2014-01-13,27.926015853881836,28.349888202663244,27.9048231796569,28.258048789525976,14091900,0,0.021732077
2014-01-14,28.039045333862305,28.201528775904865,27.96133797063113,28.00372331513954,12801100,0,0.2957111
2014-01-15,28.0885009765625,28.215662419247305,27.961342228775393,28.137955044182316,12844900,1,0.80207884
2014-01-16,28.053173065185547,28.130883118839893,27.961336360773256,28.102624427529744,11063100,0,0.44046795
2014-01-17,27.749399185180664,28.081432074593263,27.749399185180664,28.06023940331915,13992700,0,0.029273968
2014-01-21,28.20152282714844,28.20152282714844,27.926007366371177,28.00371740810768,17579000,1,0.9914869
2014-01-22,28.18740463256836,28.321629393617673,28.08143587207322,28.250985349885937,9841700,1,0.7223681
2014-01-23,27.72115135192871,28.003730266755213,27.6363752520726,27.982537589240163,14828100,0,0.016088255
2014-01-24,27.438566207885746,27.72821110784053,27.424436859729703,27.608115690860604,16507500,0,0.042565953
2014-01-27,27.360849380493164,27.537462146461927,27.34672003582803,27.4244300840378,14601900,0,0.051637724
2014-01-28,27.459747314453125,27.608104060143138,27.283134579252295,27.38910329833138,8915500,0,0.38256797
2014-01-29,26.77449607849121,27.247816992074117,26.71797870050685,27.247816992074117,23776100,0,0.022129003
2014-01-30,26.96523666381836,27.13478611024291,26.845141272727783,26.845141272727783,13662000,1,0.83599603
2014-01-31,26.717981338500977,26.958174828856137,26.647337303942415,26.809820739344847,16185000,0,0.20389351
2014-02-03,26.279979705810547,26.859269353573673,26.209332983585227,26.859269353573673,23164900,0,0.020428358
2014-02-04,26.4777889251709,26.527240290352836,26.28704679022744,26.449530232239137,17759700,1,0.73832
2014-02-05,26.569629669189453,26.647339731220704,26.407146218986572,26.484856281017823,13665200,1,0.8527421
2014-02-06,26.86632919311523,27.50919946003641,26.788619156196763,27.38203807142373,22661500,1,0.63024503
2014-02-07,26.809818267822266,27.092397074903538,26.753300889467855,26.96523566850304,20389000,0,0.394631
2014-02-10,27.247819900512695,27.283141918074744,26.732110898394623,26.894594335097807,20877200,1,0.82657963
2014-02-11,27.297273635864254,27.39617637159026,27.205434226305496,27.31846630926342,15361300,1,0.72270393
2014-02-12,27.205434799194336,27.495079686304415,27.127727430128573,27.44562831740007,10633400,0,0.080865785
2014-02-13,27.30432891845703,27.38203625532506,26.93697411959575,26.93697411959575,10435600,1,0.71332747
2014-02-14,27.50214195251465,27.565722660267458,27.03588432729309,27.26901179245531,16030100,1,0.982939
2014-02-18,26.47072410583496,26.922852387643665,26.32236732376256,26.83101298824592,46098500,0,0.014556926
2014-02-19,26.209333419799805,26.56255895211461,26.174011405547713,26.491914923610427,26645100,0,0.021679541
2014-02-20,26.35063362121582,26.50605377353605,26.060988688644976,26.1810868140464,22639900,1,0.67516357
2014-02-21,26.265851974487305,26.576689486678152,26.237593283861663,26.555496816157454,19419800,0,0.15870859
2014-02-24,26.49191665649414,26.56256068961928,26.294111207826067,26.35062589534675,24223500,1,0.8955432
2014-02-25,26.68265914916992,26.802754546124525,26.491917023215112,26.583756423466795,22845500,1,0.9022897
2014-02-26,26.7533016204834,26.80275298044627,26.647335575518824,26.774496985393917,18195100,1,0.88476765
2014-02-27,26.894596099853516,26.9228547937163,26.703853958625793,26.732112652488578,18423400,1,0.95049286
2014-02-28,26.986438751220703,27.120663520856635,26.873406657080523,26.90166535433999,15763200,1,0.52268517
2014-03-03,26.929922103881836,26.958180801925355,26.739179934434755,26.76037530541628,18683400,0,0.17273164
2014-03-04,27.064146041870117,27.12066073568756,27.00762865315526,27.08533871518948,20425200,1,0.8918385
2014-03-05,27.09239959716797,27.16304632668809,27.02175556254502,27.141850960383465,14367400,1,0.720082
2014-03-06,27.177173614501953,27.233688298941097,27.03588286105864,27.12772225503134,14700000,1,0.69614255
2014-03-07,27.23369026184082,27.276078299398076,27.099465518588605,27.240756282215617,17047600,1,0.8085463
2014-03-10,27.30432891845703,27.30432891845703,27.15597217831756,27.233682210081955,14540800,1,0.8697146
2014-03-11,27.410306930541992,27.438565626255055,27.226630798202184,27.438565626255055,13812100,1,0.86029667
2014-03-12,27.392507553100582,27.41386813959392,27.20737341599319,27.25009730522941,15673700,1,0.72953606
2014-03-13,27.036481857299805,27.406747395622975,27.00087726003362,27.37826480430979,18302800,0,0.020750757
2014-03-14,27.178890228271484,27.285698590899415,26.972398225440052,27.022241403666552,14687200,1,0.60280156
2014-03-17,27.250097274780273,27.321301040511525,27.093445730672062,27.178890792799475,19203000,1,0.9377153
2014-03-18,27.34266471862793,27.38538589215339,27.157530579185625,27.250097648906777,16880400,1,0.78535277
2014-03-19,27.157527923583984,27.47795027494037,27.12904533318579,27.314179454524737,20882200,0,0.0743392
2014-03-20,27.378259658813477,27.392500951793547,27.022235483058424,27.136163110650084,13228000,1,0.7230726
2014-03-21,27.37114143371582,27.64884261079993,27.257213790392576,27.61323801530888,19189100,0,0.41259122
2014-03-24,27.34266471862793,27.435229072099492,27.207373759131723,27.399627188745075,15693000,0,0.2722521
2014-03-25,27.499303817749023,27.627472725470813,27.3853762015795,27.406739497032216,16898900,1,0.6380002
2014-03-26,27.492191314697266,27.727165892675817,27.492191314697266,27.54915377871507,15835500,0,0.31282333
2014-03-27,27.6417236328125,27.769892585120715,27.39962702470249,27.420987611337335,13031500,1,0.63452697
2014-03-28,27.734291076660156,27.79125354720581,27.641724006242654,27.69156718656371,11502100,1,0.8781874
2014-03-31,27.527788162231445,27.791245282184267,27.385377953845207,27.76276541350606,24489800,0,0.07923114
2014-04-01,27.34978675842285,27.69156976223582,27.278582984555513,27.435231830313622,20515700,0,0.031309735
2014-04-02,27.292821884155273,27.44235142588632,27.271458580872533,27.406749542081258,15709100,0,0.083202764
2014-04-03,27.107677459716797,27.406739145986577,27.08631688078631,27.335532689137302,18114000,0,0.08090169
2014-04-04,27.214487075805664,27.39961843988484,27.157521907628244,27.22872836785002,15453600,1,0.68105847
2014-04-07,27.499303817749023,27.691557179331703,27.242966002305444,27.25008800620589,17295700,1,0.96999633
2014-04-08,27.69868278503418,27.69868278503418,27.399621056045262,27.53490926901109,14769900,1,0.9567489
2014-04-09,27.762767791748047,27.762767791748047,27.556273107711487,27.655959447246644,12031400,1,0.92042315
2014-04-10,27.691560745239254,28.05470693596373,27.64171757651221,27.75564520735246,21025700,0,0.0594846
2014-04-11,27.506427764892575,27.926536388493663,27.463703887217463,27.648837974227472,18084200,0,0.08240231
2014-04-14,27.57763671875,27.627479893991467,27.342662137790125,27.56339542350253,19389800,1,0.52546144
2014-04-15,28.6101131439209,28.816607891110063,28.125919875597955,28.360897218864913,47529200,1,0.9926041
2014-04-16,28.90205955505371,28.902059555053707,28.56739576543449,28.56739576543449,21919900,1,0.97009325
2014-04-17,28.99461555480957,28.99461555480957,28.659951893315135,28.788120839578983,18547100,1,0.9355465
2014-04-21,29.01597785949707,29.023097149711536,28.731157358425477,28.81660513849672,12630900,1,0.73642
2014-04-22,28.987485885620117,29.02308775767069,28.780991224978575,28.89492156153837,17404900,1,0.69566256
2014-04-23,29.001726150512695,29.058691316775015,28.880679246578215,28.98036557128864,12072500,1,0.6508743
2014-04-24,28.980371475219727,29.115659698280936,28.809478657866823,28.980371475219727,11392600,0,0.39252147
2014-04-25,29.20110511779785,29.20110511779785,28.795237727236778,28.80947902188356,16811400,1,0.9693564
2014-04-28,29.215349197387695,29.39336132306761,29.008857195948597,29.065819663716443,20736700,0,0.44710398
2014-04-29,28.8878116607666,29.215353366862953,28.852209773799583,29.17263218900248,18928400,0,0.037231922
2014-04-30,29.044452667236328,29.10853712698656,28.902042454874827,28.97324620293114,12362000,1,0.72015584
2014-05-01,29.037338256835938,29.05157955342151,28.66707269435978,29.044460263253516,15385800,1,0.8396262
2014-05-02,29.15837287902832,29.165492165523997,28.930517683692052,29.044445281360183,14197000,1,0.8330204
2014-05-05,29.023094177246097,29.14414382849131,28.87356465181023,28.94477112791016,10163500,0,0.42337635
2014-05-06,28.83084297180176,28.95188990465389,28.802360381866215,28.852203556128774,9359900,0,0.18570556
2014-05-07,29.129892349243164,29.172616219966535,28.930519718364177,28.980362876083923,11115600,1,0.93002254
2014-05-08,29.001726150512695,29.165496929143917,28.944763700499006,29.087171183657546,8538700,0,0.4101115
2014-05-09,29.10141944885254,29.158384628765532,28.98749180527583,29.03733497957506,8516400,1,0.6930154
2014-05-12,29.06581115722656,29.172619487875444,28.973244118414108,29.10853503273585,8906000,1,0.5434729
2014-05-13,29.272310256958008,29.35063601582105,29.065815568364386,29.072937573487803,11579600,1,0.62338036
2014-05-14,29.11564064025879,29.322135200490496,29.07291950107113,29.20820763557773,10036100,0,0.15236638
2014-05-15,28.852201461791992,29.165501779593125,28.795236286055925,28.923405215213,12379200,0,0.037317567
2014-05-16,29.11564064025879,29.12988192540381,28.802340515810528,28.8521836556944,13823900,1,0.9339879
2014-05-19,28.987485885620117,29.001727177690093,28.780991224978575,28.90916013735962,7559500,0,0.35556749
2014-05-20,28.894933700561523,29.144149625862138,28.887811693410153,29.05158254664339,9639500,0,0.12878618
2014-05-21,29.10141944885254,29.1085414544663,28.83796228237814,28.87356416169912,8607300,1,0.9135113
2014-05-22,28.894933700561523,29.080065142749135,28.859329097304407,29.030221957689015,8430400,0,0.22704382
2014-05-23,28.894933700561523,28.980378772628896,28.859329097304407,28.930535587568773,6255200,0,0.15924488
2014-05-27,29.03021240234375,29.06581427763258,28.823717722919977,28.88068289638128,11282900,1,0.92889535
2014-05-28,28.894933700561523,29.115667029756388,28.859329097304407,28.980378772628896,7536700,0,0.25625724
2014-05-29,28.951892852783203,29.101422390797257,28.90916896352938,28.966134149201142,9867100,1,0.6624983
2014-05-30,29.129892349243164,29.137011636239535,28.83083340292468,28.866435270403304,10446100,1,0.97959137
2014-06-02,29.094297409057617,29.115657991381028,28.966128482619116,29.01597165220642,7472100,1,0.6668496
2014-06-03,29.10854148864746,29.193986542368005,28.98749183931484,28.99461384493697,10493100,0,0.30177787
2014-06-04,29.044452667236328,29.13701699645976,28.987487495792177,29.12989770815368,7864700,0,0.10825444
2014-06-05,29.11564064025879,29.193966350432703,28.93050936586832,29.00171307534602,10131700,1,0.70488983
2014-06-06,29.186866760253903,29.236709933770197,29.08005840771943,29.15126216524292,8760600,1,0.76844895
2014-06-09,29.129892349243164,29.258061245164903,29.08716847851979,29.08716847851979,7316400,0,0.10548752
2014-06-10,29.24384498596191,29.300810195685333,29.058713486862207,29.08007408238314,9168600,1,0.76844895
2014-06-11,29.094297409057617,29.236707629128063,29.044454239470316,29.17974245460028,9648600,0,0.2032108
2014-06-12,28.99745178222656,29.183978248088987,28.96158215007687,28.99027895046763,11583600,0,0.10922363
2014-06-13,28.961572647094727,29.076357074316743,28.875485010847363,28.975921042582055,9194600,1,0.5241332
2014-06-16,29.16963005065918,29.24854488394357,28.80375542150501,28.832449485417715,12878200,1,0.9579385
2014-06-17,29.35614585876465,29.557020672008473,29.133752555901665,29.542672275585577,26926600,1,0.9068071
2014-06-18,29.815288543701172,29.822461374105764,29.23419076055754,29.26288755552989,18518200,1,0.9840469
2014-06-19,29.980289459228516,30.03768030952803,29.79376303823217,29.800938604942644,13275200,1,0.94939506
2014-06-20,29.90854835510254,30.044856759841743,29.79376391445091,30.037681192920243,23402600,1,0.5894478
2014-06-23,29.937253952026367,29.944429521057735,29.65029413435961,29.74355463834549,13099300,1,0.8337362
2014-06-24,30.023334503173828,30.052031299137948,29.750723151545944,29.78659277816255,14962800,1,0.9321071
2014-06-25,30.10224723815918,30.116595635147146,29.743545523490905,29.84398156572972,17621800,1,0.9547568
2014-06-26,30.152467727661133,30.1668161258237,29.97311685564473,30.066380075362854,16903300,1,0.79597104
2014-06-27,30.26724624633789,30.33898822309507,30.06637418477097,30.123767766176712,18674400,1,0.7014779
2014-06-30,30.38920783996582,30.48247104632673,30.00180935509134,30.116593787275253,14058700,1,0.87412965
2014-07-01,30.33900260925293,30.45378708981637,30.238566530844658,30.41074188335087,11497700,0,0.44968107
2014-07-02,30.33900260925293,30.42509028550603,30.238566530844658,30.353351011408098,6707000,0,0.3309639
2014-07-03,30.29595184326172,30.360518272772612,30.138122185195662,30.317473074206223,7537700,0,0.35054716
2014-07-07,30.231395721435547,30.274440934678616,30.080741580102277,30.102262818384652,8991900,0,0.24812858
2014-07-08,30.08790397644043,30.310300062696015,30.06638274562379,30.10942794393443,10090500,0,0.06776557
2014-07-09,30.09507942199707,30.24573351045503,29.980294963646624,30.080731022618593,9891600,1,0.57401067
2014-07-10,30.317474365234375,30.33899833377283,29.80811847555675,29.815294043962066,12564500,1,0.98956305
2014-07-11,30.10942840576172,30.310300527604337,30.044861975644103,30.2170372981728,9773000,0,0.33654597
2014-07-14,30.403566360473633,30.410739192577616,30.11660381611684,30.123779384898462,11857700,1,0.967344
2014-07-15,30.20267677307129,30.43942116734943,30.095067923861844,30.425072773452907,10541900,0,0.20879629
2014-07-16,30.21702766418457,30.410726892780975,30.14528842544955,30.317463693084218,10331400,0,0.29005206
2014-07-17,30.14529609680176,30.23855932023207,30.00899041384763,30.080729670838807,9983500,0,0.19401202
2014-07-18,30.439428329467773,30.46812512401291,30.14529302707252,30.231380674030973,19272400,1,0.97774655
2014-07-21,30.417909622192383,30.539866904098627,30.195513551056248,30.21703478040978,17607200,1,0.68238723
2014-07-22,29.549848556518555,29.650287343208884,29.13375595836708,29.48528213341333,24706000,0,0.024362635
2014-07-23,29.277233123779297,29.44940840362107,29.1481002955596,29.399190385610822,17531700,0,0.042596184
2014-07-24,29.39202308654785,29.485283573728847,29.1696270101712,29.39202308654785,14856000,0,0.48701978
2014-07-25,29.41353225708008,29.44222904291365,29.27722662938482,29.356138685412944,10809900,1,0.78210676
2014-07-28,29.183982849121097,29.41355181508508,29.13376480885884,29.406378982195307,11709100,0,0.12016777
2014-07-29,28.947227478027344,29.25571117369657,28.947227478027344,29.234189946405156,10863600,0,0.06988553
2014-07-30,28.423513412475582,29.054828981301533,28.416340584765777,29.01895936940055,20346200,0,0.029988164
2014-07-31,28.1867733001709,28.50242973321851,28.15807651443672,28.358948541223736,15434700,0,0.06967693
2014-08-01,28.1867733001709,28.330254492165672,28.02177088721355,28.0719888939103,13566700,0,0.30433512
2014-08-04,28.26569366455078,28.30873611496079,28.06481886148968,28.27286649406023,11012900,1,0.8025019
2014-08-05,28.10787010192871,28.358960238984412,28.05047650678613,28.222654555536636,11639200,0,0.12865801
2014-08-06,28.63874053955078,28.667437330474563,28.071993970527384,28.071993970527384,17567500,1,0.9892291
2014-08-07,28.22982406616211,28.7033102236874,28.215478405741063,28.66744059928094,14367400,0,0.13904907
2014-08-08,28.30156707763672,28.39483029381602,28.16525866860304,28.222652259075534,13667000,0,0.22785838
2014-08-11,28.387657165527344,28.602877674935343,28.35178753673889,28.35178753673889,14102600,1,0.8343356
2014-08-12,28.466567993164062,28.58135243117372,28.36613195199022,28.380480348826037,13297500,1,0.7640685
2014-08-13,28.65309715270996,28.767881612648623,28.480921831140655,28.480921831140655,9638900,1,0.7305109
2014-08-14,28.825279235839844,28.832452068291193,28.64592832110051,28.64592832110051,6902000,1,0.9699251
2014-08-15,29.32745361328125,29.521152871934273,29.16962397956168,29.305929648979603,23221600,1,0.8278173
2014-08-18,29.664630889892575,29.71484891131923,29.262886718479336,29.262886718479336,14891500,1,0.98116744
2014-08-19,29.600069046020508,29.757898701569054,29.528329786231534,29.66463547450152,10260400,1,0.50722843
2014-08-20,29.5928955078125,29.657461934751183,29.47811105288565,29.5211562497372,6782500,0,0.41000745
2014-08-21,29.707670211791992,29.908542257812435,29.5713645715176,29.62158258302271,11951000,1,0.5128953
2014-08-22,29.49962615966797,29.78658860575828,29.44940814210367,29.6215861570932,11244600,0,0.10414587
2014-08-25,29.707670211791992,29.736367000273876,29.49962260031289,29.64310380604594,10229300,1,0.7159584
2014-08-26,29.84398078918457,29.915722772257627,29.707675126361003,29.707675126361003,8416500,1,0.8269634
2014-08-27,29.84398078918457,29.92289560222652,29.729196352944506,29.79376276937184,7693100,1,0.65169936
2014-08-28,29.865503311157227,29.915721328546468,29.729194918234978,29.779412935624215,9746400,1,0.6855589
2014-08-29,29.93007469177246,29.95159592088911,29.75072381799468,29.84398430195158,7666700,1,0.9467454
2014-09-02,29.87267684936523,30.01615807531362,29.635935152725647,29.786589208466907,9798100,0,0.15376785
2014-09-03,29.973114013671875,30.02333203414076,29.887026369536205,29.908547596400904,8635400,1,0.7617951
2014-09-04,30.037675857543945,30.25289630345308,29.937239831898115,29.987457844721032,16785300,0,0.4599893
2014-09-05,30.01616859436035,30.030516995651205,29.851166084532103,30.030516995651205,12768100,0,0.22988881
2014-09-08,29.973114013671875,30.08789845141173,29.865505142671505,29.894199199598816,9097700,0,0.42802367
2014-09-09,30.08790397644043,30.152470405567705,29.95159828680612,29.965946686243,11892500,1,0.50511914
2014-09-10,30.252901077270508,30.267249474152113,30.008986540313902,30.059204561061073,17558000,1,0.9712939
2014-09-11,30.31432342529297,30.39381315159883,30.104760102598263,30.11921303070971,19614000,1,0.78088
2014-09-12,29.96023750305176,30.29264662331989,29.887975609642,30.278196449929567,12966800,0,0.05713723
2014-09-15,29.989147186279297,30.04695891366896,29.8663014004986,29.953016234968203,12259600,0,0.3372976
2014-09-16,30.09030532836914,30.20592598955291,29.75789627204256,29.837385993471525,15232800,1,0.89726573
2014-09-17,30.06863594055176,30.191481722277256,29.859072570604365,30.184256634899494,16693800,1,0.5785653
2014-09-18,30.19870948791504,30.263746300605316,30.02527706853603,30.169803625249404,12586400,1,0.7735278
2014-09-19,30.38659286499023,30.603381327338937,30.169804402641528,30.336008982329364,47559700,1,0.7787319
2014-09-22,30.509441375732425,30.5311193949612,30.155351440844814,30.242066274374796,11518100,1,0.9006433
2014-09-23,30.270973205566406,30.46608365535253,30.263748117773567,30.350462954362413,10251300,0,0.14226323
2014-09-24,30.545576095581055,30.59615998443284,30.242070005855116,30.242070005855116,13540900,1,0.8468528
2014-09-25,30.19148826599121,30.47331359725831,30.18426317704748,30.393826592415724,11076300,0,0.033867784
2014-09-26,30.494983673095703,30.531114618362597,30.14089379360553,30.350457135413706,9939600,1,0.82758397
2014-09-29,30.531110763549805,30.538335849045183,30.263738494395515,30.27819142200035,12441100,1,0.85999256
2014-09-30,30.827407836914062,30.935803482271968,30.408283705202745,30.422733885075747,22613700,1,0.9371624
2014-10-01,30.885208129882812,30.964695116171697,30.617833038913368,30.74790666246209,30409700,1,0.6317855
2014-10-02,30.827407836914062,30.914122699230923,30.653975355664564,30.784049027447743,16643200,0,0.32889354
2014-10-03,31.073089599609375,31.123673478428405,30.82739529251067,30.971921841971316,14046300,1,0.9538927
2014-10-06,31.506671905517575,31.56448363788213,31.0514169179148,31.09477296057309,20328100,1,0.9913756
2014-10-07,31.737916946411133,31.896896471954964,31.419960651938908,31.419960651938908,24936600,1,0.95255446
2014-10-08,32.19316482543945,32.200392668891496,31.441628990073436,31.492215624393953,26115600,1,0.99084985
2014-10-09,31.7017765045166,32.33769165984725,31.7017765045166,32.11367537328604,25029300,0,0.111598626
2014-10-10,32.13536071777344,32.42441109740602,31.687328080928168,31.709008857946493,25920800,1,0.75891256
2014-10-13,31.8463134765625,32.25098739089488,31.817407606264005,31.99806516070632,20175200,0,0.20337565
2014-10-14,31.53557777404785,31.882439898415605,31.41273197768672,31.824630922661875,21027400,0,0.03933137
2014-10-15,31.23929214477539,31.456080576627855,30.856299156615556,30.856299156615556,22988600,0,0.30443072
2014-10-16,30.7551326751709,31.029730080433307,30.625059059366777,30.820169483072963,22519200,0,0.06831814
2014-10-17,30.98637962341309,31.094772485016193,30.57448068476809,30.849078139454697,23236000,1,0.6553243
2014-10-20,31.282655715942383,31.41272934626099,30.863528961223555,30.892434824986555,17647800,1,0.9313595
2014-10-21,29.39659118652344,29.765131305782415,29.09308512659111,29.48330602224056,55953500,0,0.017850084
2014-10-22,29.35322952270508,29.70731943193097,28.97746159582147,29.0424984054093,27728200,0,0.03171828
2014-10-23,29.52666664123535,29.9024346280275,29.439951800164888,29.584475616410632,23346800,1,0.5553275
2014-10-24,29.649507522583008,29.822939932596253,29.57001778285255,29.61337657450952,13396000,1,0.72183055
2014-10-27,29.454404830932617,29.562800460236673,29.309881000681024,29.411048784503283,17222500,1,0.77753085
2014-10-28,29.30986976623535,29.526658185133307,29.273736065907105,29.45439354109112,18658700,0,0.23683408
2014-10-29,29.598922729492188,29.6495066065552,29.28096653700831,29.374909204388715,25761800,1,0.7839897
2014-10-30,29.91688346862793,30.054182177926258,29.504984584118223,29.627830362445984,18295600,1,0.91897565
2014-10-31,30.263742446899418,30.270967533338403,29.916880408924698,30.227611501475582,18477700,1,0.96932745
2014-11-03,30.21315574645996,30.552789909618788,30.0541762935255,30.198702818319173,13230600,0,0.28221348
2014-11-04,30.220386505126953,30.386591075024267,30.10476581491079,30.184255556299657,10105300,0,0.3226227
2014-11-05,30.574472427368164,30.740676975563975,30.34323107712927,30.567244584577637,20676800,1,0.9396942
2014-11-06,30.560022354125977,30.798488812824903,30.429948737884896,30.661190109732463,11528800,0,0.44637635
2014-11-07,30.581703186035156,30.68287095095313,30.451629557822095,30.67564586343678,11803800,1,0.69925135
2014-11-10,30.632286071777344,30.762359695758057,30.415497617347743,30.531118310151182,9088900,1,0.6943573
2014-11-11,30.718996047973633,30.863522580293363,30.610603216194576,30.62505614508798,8563700,1,0.5409961
2014-11-12,30.8635311126709,30.99360475205673,30.574480724736333,30.71900454039607,12768800,1,0.72937036
2014-11-13,30.92133331298828,31.130896640359907,30.80571264213053,30.82016557056453,12007700,1,0.5278751
2014-11-14,30.877979278564453,31.051411689842467,30.71177471092263,30.8563012608852,10939500,0,0.3468916
2014-11-17,31.01527976989746,31.06586640841821,30.877981055669203,30.89243398715873,10664000,1,0.7628947
2014-11-18,31.45607566833496,31.694544835792932,30.89242528214564,31.03695179970071,26143000,1,0.8177208
2014-11-19,31.954702377319336,32.106454029481014,31.47776664437195,31.557253636017403,25402300,1,0.99349034
2014-11-20,31.976381301879883,32.099227093310766,31.687328164866603,31.76681791537601,13465400,1,0.96140474
2014-11-21,32.157039642333984,32.33047208028193,31.998060137266297,32.214851373855,14382700,1,0.77174914
2014-11-24,31.990819931030273,32.35935989716066,31.940236068161667,32.16424953040441,12890800,0,0.30343598
2014-11-25,32.106449127197266,32.22206980975436,31.88243284872405,31.990828444640172,10741700,0,0.30235016
2014-11-26,32.22651290893555,32.2847214673808,31.993673123816176,32.008225957344784,9199200,1,0.72353125
2014-11-28,32.61942672729492,32.74312163225128,32.12464155613184,32.12464155613184,10502000,1,0.9734918
2014-12-01,32.41569137573242,32.57576975496311,32.1100902252036,32.146470918028136,10065700,0,0.34252435
2014-12-02,32.40841293334961,32.50300216959505,32.18284822052944,32.28471525997447,9878100,0,0.25993982
2014-12-03,31.86996841430664,32.33564788208191,31.840862753653543,32.32109505175536,15246500,0,0.01659002
2014-12-04,31.651689529418945,31.89908215630784,31.557097496166616,31.739003757829945,13779700,0,0.0664805
2014-12-05,31.673505783081055,31.73171709779795,31.43339104904451,31.651677927896348,12536900,1,0.7672999
2014-12-08,31.38973617553711,31.74627358004004,31.35335548748626,31.658956597915704,12802300,0,0.0796687
2014-12-09,30.58934783935547,30.94588244375533,30.32012465975905,30.66938701298314,25714600,0,0.065487966
2014-12-10,30.269197463989254,30.734879773616683,30.240094574868586,30.589354225337424,18324100,0,0.028722811
2014-12-11,30.21826171875,30.567521343563868,30.196433859595626,30.2837480718819,16201500,0,0.081094995
2014-12-12,29.76713180541992,30.27646974362652,29.73802614594104,30.116391392161127,18432400,0,0.030979939
2014-12-15,29.519746780395508,29.96359848581621,29.51247175150447,29.92721779002269,23378500,0,0.054776322
2014-12-16,29.388771057128903,30.058187449254568,28.959472228951142,29.250523316948193,23475400,1,0.5109404
2014-12-17,30.232820510864254,30.38562110640903,29.3815005279697,29.42515625488574,20223900,1,0.95900846
2014-12-18,30.844022750854492,30.84402275085449,30.37834320334145,30.458382396008204,18030700,1,0.9625742
2014-12-19,30.523860931396484,31.13506587474886,30.480202444132622,30.880395529212173,24009500,0,0.1759155
2014-12-22,30.81490898132324,30.880395323949575,30.625727755774005,30.6621084404179,11190900,1,0.5357304
2014-12-23,31.266054153442383,31.389749098874905,30.902241571813015,30.953175111187548,13411300,1,0.9746575
2014-12-24,31.244216918945312,31.45522883793017,31.22966408567024,31.36063680947676,6405900,0,0.3380001
2014-12-26,31.25876808166504,31.506160682781665,31.236940220753535,31.266045885748195,6466900,0,0.45921057
2014-12-29,31.18600273132324,31.33152826213227,30.91678230351116,31.14234423937995,8694500,0,0.2728144
2014-12-30,31.113237380981445,31.280593539157294,31.03320097900114,31.09868732656214,9222000,0,0.23310897
2014-12-31,30.720327377319336,31.244215472625086,30.720327377319336,31.229662640023676,9369500,0,0.021897128
2015-01-02,30.66212272644043,30.851306815802182,30.41473006966172,30.74943696540068,9921100,0,0.36550274
2015-01-05,30.66212272644043,31.26605292045037,30.618466994795114,31.06231599531698,26292600,0,0.49701786
2015-01-06,30.89495849609375,31.244218181804825,30.73488287493612,30.85857779927016,16897500,1,0.91486824
2015-01-07,31.280607223510746,31.367921466566663,30.982281015372408,31.14235666502998,13412300,1,0.9784143
2015-01-08,31.65896797180176,31.7026264785488,31.360641781537584,31.418853123866977,21743600,1,0.98045254
2015-01-09,31.30970001220703,31.695343114563617,31.251491460852677,31.62985675949694,12733500,0,0.12665841
2015-01-12,31.025924682617188,31.43339561785616,30.894951981135687,31.338803605526486,11415800,0,0.061674237
2015-01-13,31.018659591674805,31.462511358250552,30.887686848237056,31.164185170568917,12529500,0,0.05716252
2015-01-14,30.96771812438965,30.9968210121794,30.611180686193972,30.61845848989304,13447600,1,0.59189063
2015-01-15,30.836742401123047,31.186002001489943,30.683939070731817,31.16417414386344,11193100,0,0.2864656
2015-01-16,30.94588851928711,30.989547015928583,30.734879391358977,30.822193608972995,15114900,1,0.7718662
2015-01-20,31.404293060302734,31.527990746447756,31.004099888739784,31.06958624595328,17047300,1,0.9799003
2015-01-21,31.549823760986328,31.60075729428752,31.11324704968692,31.20783908681887,10720600,1,0.9780627
2015-01-22,31.855424880981445,31.891808355250618,31.338811744124076,31.557098711392182,14709100,1,0.9696713
2015-01-23,31.513446807861328,31.833600880330984,31.418854759486535,31.72445599561625,12357700,0,0.140339
2015-01-26,31.287872314453125,31.455225717008307,31.164177407391453,31.418845025264808,11151900,0,0.07612746
2015-01-27,30.844022750854492,31.025928997581087,30.669394308371626,30.953167609158065,15274000,0,0.023756882
2015-01-28,30.502031326293945,31.142341949368056,30.48748127238473,30.989541402305456,14278500,0,0.018666051
2015-01-29,30.63300514221191,30.669388605326883,30.174603484183475,30.392890384530617,13657900,1,0.67558104
2015-01-30,29.956317901611328,30.509314418769225,29.91266218097759,30.436553033933723,19193700,0,0.024461964
2015-02-02,30.26191520690918,30.291020864746304,29.759855099726135,29.985417008793096,15197500,1,0.81748736
2015-02-03,30.291017532348633,30.451093081505864,30.101833552888262,30.37833172058603,13193100,1,0.85614794
2015-02-04,30.32740592956543,30.62573202631411,30.2837474365039,30.39289228132337,16400000,1,0.8138433
2015-02-05,30.40744972229004,30.429277584295683,30.20371283278392,30.41472475106888,11078500,1,0.66451854
2015-02-06,30.160057067871097,30.38561904340784,30.065465039859713,30.29102979106558,12366400,0,0.123920634
2015-02-09,29.999980926513672,30.16005932811885,29.86173316418968,30.109125795911627,13371100,0,0.07313519
2015-02-10,30.851308822631836,31.30971068874367,30.705783231118804,31.222396444103772,32184200,1,0.95757794
2015-02-11,30.829469680786133,30.91678667702466,30.34196227563164,30.633010602752982,20496300,1,0.67250675
2015-02-12,30.68394470214844,31.040482170938446,30.611183312927167,30.8513008935617,13818200,0,0.17582473
2015-02-13,30.552961349487305,30.72758971725587,30.38560523151296,30.57478920154141,10792100,0,0.17496158
2015-02-17,30.42199325561523,30.472926768504276,30.298295598835924,30.42199325561523,12804200,0,0.081187285
2015-02-18,30.363794326782227,30.414727860448547,30.174613026831516,30.378347161496805,9789800,0,0.22890604
2015-02-19,30.640283584594727,30.734875594464512,30.218259829536144,30.327404669821934,16578300,1,0.9441591
2015-02-20,30.53843879699707,30.64030590845874,30.29832108369118,30.589372352727903,15982400,1,0.80359787
2015-02-23,30.451108932495117,30.683948739442375,30.334689029021487,30.34924186391437,11830300,0,0.16646428
2015-02-24,30.654848098754883,30.800373682711825,30.39290260276632,30.451111170947307,12782700,1,0.71842426
2015-02-25,30.596630096435547,30.734880620159768,30.37106812727547,30.683944317540444,10323300,0,0.34440863
2015-02-26,30.89495849609375,30.960444860643904,30.53842378128566,30.589357311972527,14346500,1,0.9515195
2015-02-27,31.50615119934082,31.76809655410848,30.90222409866485,30.938604781122987,28312800,1,0.9282058
2015-03-02,31.433393478393555,31.50615485174482,31.34607927523834,31.50615485174482,13514600,0,0.35146245
2015-03-03,31.25149726867676,31.404297867006076,31.17145806697968,31.367917168689956,10036300,0,0.16182686
2015-03-04,30.924070358276367,31.27333011394829,30.90224249094369,31.229671603613124,16263000,0,0.12011657
2015-03-05,30.851308822631836,31.004109444669115,30.742163935079613,30.967728740708303,9223000,0,0.06671215
2015-03-06,30.21098899841309,30.70577419860789,30.0727412537615,30.647562868858397,18180500,0,0.021577837
2015-03-09,30.116397857666016,30.23281774490656,30.065464330477596,30.21826491204286,10123300,0,0.053084
2015-03-10,29.60706901550293,29.941778724097404,29.599793984643668,29.905395242791325,14599100,0,0.04093919
2015-03-11,29.177762985229492,29.636167537483296,29.163212927022673,29.636167537483296,18549700,0,0.06421205
2015-03-12,29.764684677124023,29.76468467712402,29.36117089879253,29.419862438097073,17728700,1,0.940341
2015-03-13,29.28046417236328,29.7646812096923,29.06036602788641,29.669304320895748,17438400,0,0.23184037
2015-03-16,29.559267044067383,29.603285009224123,29.33916882218147,29.346504216807354,15238800,1,0.9150955
2015-03-17,29.720674514770508,29.882081203101425,29.58127961038539,29.838060433910883,21661800,1,0.86113316
2015-03-18,29.786706924438477,29.926104639950783,29.19977727641679,29.698668176910555,26247500,1,0.9368934
2015-03-19,29.361169815063477,29.728001017952277,29.317149063184832,29.69865385003318,16057600,0,0.053081114
2015-03-20,29.823375701904297,29.830711093989912,29.353829446131755,29.39785019474474,31608500,1,0.93966097
2015-03-23,29.801374435424805,30.036146246735527,29.71333570585847,29.816048023469317,17060500,1,0.5557002
2015-03-24,29.69132423400879,30.07282909508094,29.69132423400879,30.014134747823448,13485700,0,0.112895295
2015-03-25,29.67664909362793,29.860064721155048,29.52258063819324,29.77936139725106,22811300,0,0.17848617
2015-03-26,29.60328483581543,29.75735610906371,29.515246107316923,29.59594944123252,17359600,0,0.27486292
2015-03-27,29.405187606811523,29.698650860360527,29.324484302508147,29.698650860360527,14384400,0,0.031509653
2015-03-30,29.720674514770508,29.794042463421412,29.302487002914106,29.427211116270104,12561400,1,0.8619712
2015-03-31,29.750015258789062,30.006798825468906,29.60328219192922,29.720668085677,16604800,1,0.87117696
2015-04-01,29.845388412475582,29.940765313725077,29.515239753304375,29.926091729017458,14300700,1,0.6882111
2015-04-02,29.845388412475582,29.984783269147822,29.69865536409948,29.882070974894585,14343100,1,0.5997561
2015-04-06,30.20488548278809,30.527698792137414,29.77936266414646,29.911422145480188,19843400,1,0.89653796
2015-04-07,30.08749771118164,30.35161665737261,30.05815333837178,30.11684488269182,9773400,0,0.18310003
2015-04-08,29.999462127685547,30.14619520185696,29.88941442108245,30.065491871127655,8954700,0,0.3004636
2015-04-09,30.116838455200195,30.138850228485264,29.808701616206392,29.933422870456344,12710900,1,0.58057064
2015-04-10,29.99212074279785,30.19754532638618,29.97010896691335,30.1461891804891,8720000,0,0.35773167
2015-04-13,29.86007308959961,30.058162358688516,29.86007308959961,30.058162358688516,9616300,0,0.10925933
2015-04-14,29.720674514770508,29.823389642881775,29.58127961038539,29.77936887369123,11209700,0,0.23777093
2015-04-15,29.639970779418945,29.940772339762372,29.581276426814973,29.77936566880222,11189100,0,0.05554973
2015-04-16,29.786706924438477,29.97746080923385,29.56660865626801,29.647312007627487,13121000,1,0.71232486
2015-04-17,29.56659698486328,29.830715921887503,29.41986393110535,29.691321060102595,15330300,0,0.3823757
2015-04-20,29.83072280883789,30.006803073738695,29.64730714897079,29.65464254393709,13023700,1,0.9483566
2015-04-21,29.91876792907715,30.072839243269733,29.742690425287712,29.83806457371471,19673100,1,0.80570215
2015-04-22,30.307601928710938,30.498352966454934,30.131521679585187,30.49101757214581,26887200,1,0.85844386
2015-04-23,30.04349136352539,30.38097557021901,30.021479577035706,30.24891604608648,17408800,0,0.1507259
2015-04-24,29.999462127685547,30.16820418343746,29.94077057723735,30.10951263298926,11623300,0,0.23029573
2015-04-27,29.9554386138916,30.190210369583273,29.91875325312095,30.080159884671513,10044600,0,0.39499688
2015-04-28,29.91142463684082,30.0581577170666,29.786700539103652,30.04348412917395,12174800,0,0.1378823
2015-04-29,29.705995559692383,29.89674657635881,29.639965823403948,29.830716840070373,11371400,0,0.04300544
2015-04-30,29.757352828979492,29.772026415228595,29.55192542019247,29.639966937687085,12700800,1,0.71534956
2015-05-01,30.014137268066406,30.0288108561129,29.713335709865184,29.77203006205115,10848300,1,0.9539986
2015-05-04,30.050817489624023,30.153529799219232,29.911422612130597,29.992125940726982,10204800,1,0.76039547
2015-05-05,29.89674949645996,30.182877448756685,29.845393340852883,30.182877448756685,11721300,0,0.10611733
2015-05-06,29.83072280883789,30.146197967705383,29.632633560337315,30.109515395472133,11906900,0,0.16479282
2015-05-07,29.86007308959961,30.01414158821282,29.72067538244381,29.735348972602377,13834700,1,0.58957255
2015-05-08,30.065492630004883,30.20488751470083,29.97011570958098,30.08016621766246,11144400,1,0.8905919
2015-05-11,30.036148071289062,30.366296825593725,29.99213010318239,30.065495249160794,10113500,0,0.35981834
2015-05-12,29.852725982666016,30.050815192615573,29.728004701605364,29.91142032577714,12384500,0,0.10794632
2015-05-13,30.116838455200195,30.344274787814467,29.87473133866217,29.89674031324752,13183700,1,0.75247455
2015-05-14,30.44700050354004,30.520365650333247,30.270920233055,30.300267411252666,9961000,1,0.96340644
2015-05-15,30.461666107177734,30.58638738377096,30.39563637289302,30.4103099581452,8479000,1,0.7230694
2015-05-18,30.31494140625,30.43966551590958,30.263585243066935,30.43966551590958,11511700,0,0.16383064
2015-05-19,30.307601928710938,30.366293479285776,30.175542441541776,30.24890757943548,9072000,0,0.14170967
2015-05-20,30.336944580078125,30.51302481919421,30.30760020580916,30.351618166562837,10965200,0,0.29974765
2015-05-21,30.248910903930664,30.31494065477222,30.131524991179113,30.27091988797754,9270900,0,0.34842095
2015-05-22,30.234230041503903,30.2562418189563,30.10950876364143,30.168200306547227,11909500,0,0.41433883
2015-05-26,30.07283592224121,30.212230830572526,29.88942024347314,30.168210060135777,15194300,0,0.37016523
2015-05-27,30.168203353881836,30.22689770141669,29.95544334081933,30.036143870628955,9863100,1,0.7594551
2015-05-28,30.182880401611328,30.30026631144026,29.992129347652124,30.226901167309997,9395200,1,0.8991968
2015-05-29,30.050817489624023,30.2122241468168,29.911422612130597,30.2122241468168,19628600,0,0.25463367
2015-06-01,30.036148071289062,30.38097041452959,29.99213010318239,30.34428784154039,12684100,0,0.1926676
2015-06-02,30.07283592224121,30.197557240426946,29.845399473036387,29.962785395499907,11878600,1,0.7506315
2015-06-03,29.984783172607425,30.23422851443365,29.918753440985775,30.153525198151616,8153800,0,0.21610203
2015-06-04,29.779375076293945,30.065503138876032,29.735354297934528,29.86741383431113,10145800,0,0.040136542
2015-06-05,29.419864654541016,29.72800435487985,29.405193867634665,29.698657183666572,15975600,0,0.023702793
2015-06-08,29.463890075683594,29.537255216630673,29.361177758877393,29.41986931189491,14339300,0,0.4176009
2015-06-09,29.493227005004883,29.65463081875368,29.42719728161227,29.471215231407506,10772700,0,0.3697132
2015-06-10,29.588624954223633,29.742693485567145,29.5519395716832,29.58128675823485,11979900,1,0.77191854
2015-06-11,29.662578582763672,29.773536992195755,29.61079874417258,29.66997731501358,11944900,1,0.9058424
2015-06-12,29.559019088745117,29.67737340937093,29.470254053723153,29.618197659952816,15568600,0,0.22858319
2015-06-15,29.28533363342285,29.485057135729257,29.27053898638641,29.46286657606979,11364800,0,0.01998498
2015-06-16,29.647785186767575,29.70696093267522,29.29271942416404,29.314912797945148,12517400,1,0.94909185
2015-06-17,29.788326263427734,29.825311452639347,29.595998764664863,29.647781415707993,13898400,1,0.9523833
2015-06-18,30.069429397583008,30.13600389038568,29.70696764303733,29.70696764303733,16314600,1,0.92809385
2015-06-19,29.88448905944824,30.069417821395845,29.88448905944824,30.025033902684388,23550600,0,0.2590012
2015-06-22,29.943666458129883,30.18777379190995,29.928871817738138,29.965857007822933,8775900,0,0.36395797
2015-06-23,29.869707107543945,29.97326680673711,29.817927257947364,29.906692311285767,11094900,0,0.22585583
2015-06-24,29.729154586791992,29.921482130086677,29.729154586791992,29.862303556214552,10385100,0,0.072584115
2015-06-25,29.603403091430664,29.84011173327623,29.603403091430664,29.79572780475909,10607600,0,0.04804289
2015-06-26,29.58860969543457,29.847508901553734,29.58860969543457,29.66258009095727,16215600,0,0.08522621
2015-06-29,29.144784927368164,29.573818348443904,29.144784927368164,29.440669364229706,15500800,0,0.05632197
2015-06-30,29.019033432006836,29.30012606082428,28.93766429036572,29.30012606082428,14621300,0,0.26944253
2015-07-01,29.218761444091797,29.292731863335277,29.056023135607404,29.1299963766415,11177400,1,0.8373464
2015-07-02,29.21135902404785,29.448067699048824,29.107796509668688,29.31491871663703,8975900,1,0.60395247
2015-07-06,29.159578323364254,29.292727314759635,29.011637507849557,29.085607915606907,10252600,0,0.33963037
2015-07-07,29.773540496826172,29.86970427486741,29.144783627472513,29.211358116610302,20335000,1,0.9845977
2015-07-08,29.48505592346191,29.75874982790732,29.470261277033742,29.581219714349864,11383700,0,0.31592023
2015-07-09,29.529428482055664,30.01764320730871,29.514636661705083,29.92887535446845,13392000,0,0.19730747
2015-07-10,29.87710189819336,29.973265681744895,29.706967709934528,29.78833684818659,13360400,1,0.93441504
2015-07-13,30.076818466186523,30.158187585742095,29.95106824272021,30.002848078475683,9854200,1,0.9348279
2015-07-14,30.454072952270508,30.520647432098748,30.209968407426636,30.254352334575294,19531000,1,0.9810673
2015-07-15,30.42449378967285,30.594627985215613,30.40230040987845,30.439288435605725,11252100,0,0.333886
2015-07-16,30.683399200439453,30.772164272071084,30.587235393460585,30.639015253728264,10483700,1,0.7584081
2015-07-17,30.513254165649418,30.56503400758128,30.365310550791342,30.55763809664376,9608300,0,0.16629393
2015-07-20,30.60941505432129,30.72776937069754,30.49106073794504,30.58722168002047,10024200,0,0.34408337
2015-07-21,30.46887969970703,30.712987163322445,30.40230519342925,30.609427447288255,13653800,0,0.10895764
2015-07-22,30.25436019897461,30.764762795806856,30.025047415115942,30.18778570184082,15528600,0,0.19126423
2015-07-23,30.2099666595459,30.34311561149868,29.94366875564034,30.320925060102997,13522200,0,0.48055235
2015-07-24,29.91408920288086,30.20258057381037,29.891898644267155,30.15079790072795,10912500,0,0.021779303
2015-07-27,29.988054275512695,30.017643560140577,29.70696171512679,29.795726747220947,10945700,1,0.6676903
2015-07-28,29.995454788208008,30.12860376767406,29.914085653890982,30.069428011127997,11021800,1,0.71019876
2015-07-29,30.025053024291992,30.113818096456416,29.951082601120095,29.980669077314396,8479900,1,0.83455765
2015-07-30,30.002836227416992,30.143381037268444,29.87708323183344,29.995437498494745,9095500,1,0.7074191
2015-07-31,30.387496948242188,30.49105660832189,30.158184256787766,30.23955336736156,15309500,1,0.9363669
2015-08-03,30.72776985168457,30.735165762040957,30.209968651262184,30.21736456161857,14672600,1,0.98257184
2015-08-04,30.95708465576172,30.971879300605657,30.579831088506207,30.70558133699472,17559900,1,0.9688802
2015-08-05,31.15680694580078,31.23078016721255,30.934892925145206,31.00886332476711,15329200,1,0.810929
2015-08-06,31.008865356445312,31.252972770413088,30.9644842424803,31.068043937452064,11378900,0,0.33799535
2015-08-07,30.897903442382812,31.045847042909095,30.720370557393373,30.92749272684597,10886700,0,0.13851658
2015-08-10,30.831344604492188,31.06065744273164,30.75737417759735,30.986684194045893,9501900,0,0.12041095
2015-08-11,30.683399200439453,30.749973709610867,30.454086375117765,30.624223426615284,11254900,0,0.34379497
2015-08-12,30.520647048950195,30.5206470489502,30.21736393838211,30.42448610735287,9602200,0,0.36011383
2015-08-13,30.40230369567871,30.60942593933397,30.33572919268068,30.535452701674775,10270900,0,0.20439538
2015-08-14,30.513254165649418,30.513254165649418,30.298736065194703,30.33572126346178,9904800,1,0.58770686
2015-08-17,30.587228775024418,30.661202003536804,30.30613897204774,30.350520087365037,8272800,1,0.9468582
2015-08-18,30.550235748291016,30.720369897615974,30.46886662865964,30.535441106377185,11199400,0,0.43551493
2015-08-19,30.165599822998047,30.505871127293023,30.165599822998047,30.431897877754576,15796500,0,0.020905267
2015-08-20,29.995454788208008,30.19517825740709,29.89929100930699,29.973264232226978,14218000,0,0.04793399
2015-08-21,29.24095344543457,29.936287836442713,29.226158796499213,29.706975010630767,28036200,0,0.018659838
2015-08-24,28.390275955200195,28.804514745722862,27.043994242421256,28.10178741986044,44065300,0,0.49435797
2015-08-25,28.101781845092773,29.05601231381309,28.05739791700293,28.94505672627283,31363700,0,0.30144694
2015-08-26,28.649168014526367,28.72314122413279,28.02780716277954,28.66396265644765,23523300,1,0.67229563
2015-08-27,29.04861640930176,29.129985533255,28.553005755127273,28.89327689363988,18871600,1,0.8785292
2015-08-28,29.1817626953125,29.196557336655207,28.885875512037035,28.930259436065143,14503900,1,0.90731305
2015-08-31,29.08560562133789,29.181769401269204,28.89328088326522,28.95985537371152,12673300,1,0.5935607
2015-09-01,28.663969039916992,28.87108842936164,28.508629497833507,28.60479045905278,23703200,0,0.07832214
2015-09-02,28.774919509887695,28.900669726760448,28.523416254352927,28.871080444511826,14054800,0,0.16959389
2015-09-03,28.96725082397461,29.10039980274723,28.730542155443267,28.77492608896411,13311600,1,0.7766457
2015-09-04,28.49383544921875,28.69355893113219,28.390275752328105,28.61218979163522,15450500,0,0.02354163
2015-09-08,28.774919509887695,28.871080444511826,28.553002714812283,28.752726137306595,15273900,1,0.8825315
2015-09-09,28.331092834472656,29.004233583035425,28.25712243995398,28.93765909925275,13764600,0,0.035111964
2015-09-10,28.419857025146484,28.5899940066896,28.29410679385502,28.338490722317083,14952500,0,0.18845443
2015-09-11,28.449710845947266,28.49447646739075,28.233334188179164,28.360173910585544,11802300,1,0.65982366
2015-09-14,28.427326202392575,28.516863140946203,28.24079518309542,28.516863140946203,8950000,0,0.49586022
2015-09-15,28.72577667236328,28.82277359833333,28.293023345910324,28.40494309481711,13019800,1,0.87838054
2015-09-16,29.21074104309082,29.24058382493719,28.70337675063779,28.85259919857689,22233400,1,0.9889709
2015-09-17,29.382362365722656,29.55397053511425,29.128680105266167,29.210754196331063,21232500,1,0.8973523
2015-09-18,29.08390998840332,29.322669414516188,28.882456188951178,28.994375915170217,27527300,0,0.1682278
2015-09-21,29.24059295654297,29.330129868751,29.054061992131206,29.136136071870244,12935800,1,0.5601429
2015-09-22,28.942153930664062,29.091379316862152,28.785468555962943,28.860079825943235,15021300,0,0.12260283
2015-09-23,28.919763565063477,29.009300489949837,28.76307821586791,28.94214921940359,8910800,0,0.16444115
2015-09-24,29.21074104309082,29.24804665507559,28.73321953248416,28.740682362622568,19385700,1,0.9676049
2015-09-25,29.561429977416992,29.90464915611003,29.34505619596938,29.41966745216001,22511300,1,0.7061412
2015-09-28,29.49428367614746,29.710660340276924,29.34506113863228,29.486823687766687,19323100,0,0.20902662
2015-09-29,29.59127426147461,29.628579887859267,29.345054850346393,29.48681736910283,14166900,1,0.63560945
2015-09-30,29.93449592590332,30.016570026353975,29.695736458903607,29.755427748772213,19752600,1,0.9770031
2015-10-01,29.695730209350582,30.19563469496306,29.546504862321335,30.009103722735688,19606600,0,0.06414914
2015-10-02,30.13595199584961,30.13595199584961,29.36744508231325,29.516670471819474,15537300,1,0.9825065
2015-10-05,30.598539352416992,30.628384990992732,30.165788978015787,30.18071179730366,15664000,1,0.99055207
2015-10-06,30.561229705810547,30.84475754249757,30.53884690294244,30.620920975107342,14579400,0,0.27668217
2015-10-07,30.979068756103516,31.046220029811145,30.665695196722197,30.69554083975607,14329700,1,0.9719426
2015-10-08,31.32228660583496,31.32974944006787,30.785076390557933,30.785076390557933,11960200,1,0.97287536
2015-10-09,31.352115631103516,31.42672685645868,31.17304470552099,31.202890334157377,13931200,1,0.742708
2015-10-12,31.33719825744629,31.553574833272982,31.195435766164813,31.21035858307386,12299100,0,0.3257518
2015-10-13,31.076059341430664,31.270050289152906,30.993985262927815,31.18797621065006,12903600,0,0.052091
2015-10-14,31.09845542907715,31.30736928450912,31.00892132621171,31.00892132621171,14180000,0,0.30839
2015-10-15,31.27751350402832,31.359587591003617,31.03875407622939,31.24020787710415,11801600,1,0.76195127
2015-10-16,31.352115631103516,31.493878097772654,31.24765877711196,31.456572485095073,20384200,1,0.7665124
2015-10-19,31.329736709594727,31.38196514305343,31.18797137914725,31.262585459971227,15553800,1,0.56060517
2015-10-20,31.55358505249023,31.635659148953057,31.337208406585923,31.337208406585923,16199300,1,0.6454021
2015-10-21,31.478960037231445,31.72518224131105,31.120820978218035,31.292429099438863,19254900,0,0.3935432
2015-10-22,32.26240158081055,32.71753480977633,31.64311732209532,31.665500130306263,35920200,1,0.9062526
2015-10-23,31.926645278930664,32.31463008390126,31.89679963710899,32.31463008390126,18796100,0,0.35084516
2015-10-26,31.777427673339844,32.00126434916971,31.680430736859726,31.90426741268959,14788600,0,0.28528333
2015-10-27,31.792346954345703,31.911726691231515,31.695350028676778,31.710272851567183,30166600,1,0.76473343
2015-10-28,31.88187599182129,31.96395008159016,31.49389119688291,31.896798812346265,13667300,0,0.35264412
2015-10-29,31.926645278930664,32.008719370821744,31.590888924029475,31.82964836612875,9427400,1,0.85577965
2015-10-30,31.59834861755371,31.97887343164916,31.59834861755371,31.93410496933292,15356200,0,0.13472873
2015-11-02,31.516281127929688,31.60581521699341,31.262598837051335,31.575969571893044,16252200,0,0.2918312
2015-11-03,31.45658302307129,31.57596273137332,31.19544080060958,31.47150584238864,9693100,0,0.4339282
2015-11-04,31.314828872680664,31.628199623331824,31.25513757946853,31.53866552975114,10488500,0,0.03455131
2015-11-05,31.58342742919922,31.598347403160854,31.322282345079746,31.337205165278306,9625100,1,0.77312666
2015-11-06,31.307355880737305,31.50134967450103,31.04621367325144,31.314818713086385,11926700,1,0.6500446
2015-11-09,30.993980407714844,31.180511340096995,30.844755092561893,31.113360090589975,10842700,0,0.048316922
2015-11-10,31.165590286254883,31.19543592022036,30.91190809002094,30.919368075394154,8283100,1,0.7776331
2015-11-11,31.367046356201172,31.486426054618523,31.27750944771077,31.292432265792502,9101200,1,0.92396307
2015-11-12,31.023834228515625,31.37451053851203,31.016371395358338,31.344664898356665,10725000,0,0.12963983
2015-11-13,30.87460708618164,31.173054931742985,30.859684266968063,30.934295516799217,11619500,0,0.015717985
2015-11-16,31.307355880737305,31.337201517660432,30.88206551641084,30.911911153333968,11244900,1,0.9502572
2015-11-17,31.090978622436523,31.449120565438623,30.971598923514662,31.225281139503178,12739400,0,0.31381485
2015-11-18,31.546119689941406,31.598348138733733,31.09844645851089,31.165597727849164,12966300,1,0.96924233
2015-11-19,32.1654052734375,32.307167805169485,31.57596664540319,31.57596664540319,24090700,1,0.98677176
2015-11-20,31.658037185668945,32.516080805937534,31.63565437954888,32.31462701214656,19780800,0,0.0409769
2015-11-23,32.05348587036133,32.21763405866561,31.732652327532307,31.747575148854253,13338100,1,0.75873786
2015-11-24,32.3519287109375,32.53099683063664,31.829641477048195,31.859487112410203,15767200,1,0.98341054
2015-11-25,32.3519287109375,32.45638558846807,32.26239465108793,32.3220830755755,10344900,0,0.4846947
2015-11-27,32.4421501159668,32.50981635831827,32.17900234323805,32.35944661219675,7236700,1,0.7626513
2015-11-30,32.043678283691406,32.44215864589443,32.03616108503781,32.41960131380343,16063000,0,0.07214776
2015-12-01,32.246681213378906,32.40456821800604,32.12638594298697,32.12638594298697,11153000,0,0.3596348
2015-12-02,32.156463623046875,32.27675890520572,32.02113107210996,32.2015754293811,12598500,0,0.38846996
2015-12-03,31.923368453979492,32.24666234171935,31.818110512494663,32.12636714172758,15004400,0,0.066057794
2015-12-04,32.54741668701172,32.69026640617722,32.01360667174236,32.01360667174236,16488000,1,0.98498976
2015-12-07,32.47974395751953,32.66018537020287,32.32937420157372,32.56244746669296,12030700,1,0.70403606
2015-12-08,32.33689498901367,32.51733928979576,32.179008018369885,32.36696951715483,10736200,0,0.07427385
2015-12-09,32.073760986328125,32.53238765880612,31.953465700765527,32.16398173348362,12945500,0,0.099146
2015-12-10,32.14893341064453,32.38200670106424,31.976009176358232,32.12637894862692,15483300,0,0.3483716
2015-12-11,31.780534744262695,32.201569589495136,31.682793948963777,32.05119979705032,17313400,0,0.040255964
2015-12-14,31.91586685180664,32.14893730237542,31.554981075514327,31.8106088588962,20092900,1,0.80327076
2015-12-15,32.38200378417969,32.50981908291752,32.148930514754596,32.20907956546994,17916400,1,0.9867841
2015-12-16,32.960933685302734,33.01356268373024,32.51734436422423,32.51734436422423,21868600,1,0.99194556
2015-12-17,32.697776794433594,32.9985134091433,32.64514494709353,32.938367233427066,14697000,0,0.22395349
2015-12-18,31.95345687866211,32.64515386265839,31.953456878662102,32.600044935567794,24583700,0,0.036495075
2015-12-21,32.163970947265625,32.2842661924871,31.92338045682267,32.19404547558722,10444400,0,0.15164588
2015-12-22,32.54741668701172,32.62260014592722,32.11134459471949,32.224122651157856,12280800,1,0.93724823
2015-12-23,32.8331184387207,32.87823023808759,32.59252791156127,32.62260244447253,9092300,1,0.87777096
2015-12-24,32.73537063598633,32.87070312520588,32.64514706446366,32.69777891521744,3036600,1,0.59182256
2015-12-28,32.697776794433594,32.720331251819154,32.56244431399173,32.66018220803865,6326100,0,0.46064192
2015-12-29,32.863189697265625,32.91581869058391,32.705302717310765,32.735377247225514,7739800,1,0.87601405
2015-12-30,32.75792694091797,32.9082967005321,32.66770623237534,32.89325943776422,5112500,0,0.07654162
2015-12-31,32.299293518066406,32.584995713080396,32.23162728419636,32.55492119401281,9727900,0,0.025842931
2016-01-04,31.87828063964844,31.953464113866552,31.5549865379923,31.83316883427815,16084100,0,0.24949795
2016-01-05,31.991043090820312,32.05119214065592,31.705340840230285,31.8106016774426,15781900,1,0.7327121
2016-01-06,31.818117141723633,31.960966825206324,31.607601214893485,31.727896439948484,16245100,0,0.22428383
2016-01-07,31.29183006286621,31.660235868887405,31.164017618124415,31.3143873933997,20563600,0,0.022201644
2016-01-08,31.209129333496097,31.66775589846268,31.13394587316869,31.314390193245693,14645900,0,0.081594475
2016-01-11,31.26175117492676,31.47226709080449,31.04371519458811,31.26175117492676,15815200,1,0.7402512
2016-01-12,31.66775131225586,31.915861857921566,31.479789820593265,31.803083815698105,21814800,1,0.9725003
2016-01-13,31.464750289916992,32.00608026468075,31.41964137072971,31.70534075246432,16854300,0,0.43507355
2016-01-14,31.48731231689453,31.705345484323995,31.30686800902138,31.57001583850035,16028000,0,0.21866813
2016-01-15,31.201602935791016,31.269269177362293,30.773051028527707,30.788088289772915,21153600,0,0.15145312
2016-01-19,31.517379760742188,31.667749519171007,31.31438388513756,31.404604592969015,15462200,1,0.85611165
2016-01-20,31.111387252807617,31.291828680715984,30.63772348543478,31.164016241619624,19923500,0,0.16745049
2016-01-21,31.118913650512695,31.209134391139468,30.893360364912944,31.164025454858898,15568900,1,0.5473583
2016-01-22,31.62264633178711,31.75797885209944,31.16401977606923,31.30686949503664,15209200,1,0.98028713
2016-01-25,31.697830200195312,31.953457978747903,31.524905948242846,31.75797926247364,12505200,1,0.80495036
2016-01-26,31.637678146362305,31.95345206064353,31.52490010951066,31.6978243294358,13018500,0,0.29987824
2016-01-27,31.645187377929688,31.92336949925732,31.434671488067035,31.71285360939467,14167000,1,0.5115565
2016-01-28,32.0060920715332,32.11887014723364,31.622651776669784,31.712872516390775,16622800,1,0.9741625
2016-01-29,32.26922607421875,32.524853806213066,32.06623019616455,32.224117153790985,20457000,1,0.8455122
2016-02-01,32.32938003540039,32.44215808972665,32.00608600560118,32.02864046924041,17097800,1,0.7956045
2016-02-02,31.90833854675293,32.171486329154746,31.885784087828146,32.103820084315934,12332900,0,0.13930075
2016-02-03,32.11886215209961,32.2842663224042,31.788048075360635,32.17900834091994,15958300,0,0.445986
2016-02-04,31.976003646850582,32.24666861651603,31.878265749632565,31.96848645016626,14413700,0,0.23010418
2016-02-05,31.90833854675293,32.32185608080372,31.7730060570753,32.27674429488969,17315700,0,0.10045901
2016-02-08,32.066226959228516,32.10381867847849,31.502342566285908,31.70533842384863,17254400,1,0.95890385
2016-02-09,32.554927825927734,32.697780386567885,31.773007379266087,31.773007379266087,24853800,1,0.97864974
2016-02-10,31.991043090820312,32.62259377377143,31.96096856590251,32.585002051656446,16729600,0,0.06377527
2016-02-11,31.88579368591309,32.03616348282554,31.562499626374173,31.600091358585956,16825300,0,0.11451962
2016-02-12,32.41208267211914,32.43463713514087,31.998567931019178,32.11886318057671,15222400,1,0.93272805
2016-02-16,32.60004425048828,32.67522770610269,32.34441648610832,32.56996972101653,12675900,1,0.9098286
2016-02-17,32.697776794433594,32.79551468848051,32.539886988541916,32.64514494709353,12332500,1,0.81386364
2016-02-18,32.78800582885742,32.87822654940381,32.554932527042176,32.80304309362599,11170300,1,0.85959405
2016-02-19,32.908302307128906,32.908302307128906,32.53989647671211,32.76545258859367,12850000,1,0.94232976
2016-02-22,33.03611373901367,33.20152078446252,32.80304330377031,32.90830128975957,20716100,0,0.3613718
2016-02-23,32.84814453125,33.11880949924881,32.82559007327154,32.88573911863321,11166400,0,0.046529975
2016-02-24,33.01356506347656,33.03611953069551,32.60756744514249,32.75042005237051,10844200,1,0.62530047
2016-02-25,33.20151901245117,33.21655627651351,32.98348298564458,33.051149239892666,10903300,1,0.96655947
2016-02-26,32.434635162353516,33.12633495628649,32.412080700703626,33.1112976924983,18421000,0,0.009467473
2016-02-29,32.42711639404297,32.78800210328752,32.269226565945935,32.45718805209818,15049800,0,0.047839448
2016-03-01,32.84814453125,32.84814453125,32.4571843405922,32.6150741506344,12358300,1,0.9479588
2016-03-02,32.908302307128906,32.908302307128906,32.64515446595545,32.68274906331244,12856300,1,0.85919166
2016-03-03,33.0511474609375,33.06618472419047,32.73537353681933,32.788002524172356,13134800,1,0.8882679
2016-03-04,33.1639289855957,33.19400351526135,32.84063496185254,32.91581841795164,13691500,1,0.95687586
2016-03-07,33.0887451171875,33.186485911822395,32.97596992466897,33.01356165550848,10695300,0,0.37290108
2016-03-08,33.32181930541992,33.43459736894184,32.93837905196294,33.02107971473834,18900200,1,0.7144663
2016-03-09,33.69021987915039,33.70525714313368,33.299259619779384,33.374443071630985,18466600,1,0.9814387
2016-03-10,34.00598907470703,34.028543533503154,33.59247441107957,33.71276963809964,28908600,1,0.9844348
2016-03-11,34.24846649169922,34.28635138475618,34.04388460067314,34.0969240290393,16129300,1,0.83671457
2016-03-14,34.31665802001953,34.41515815689095,34.127230677745764,34.127230677745764,13206700,1,0.7970983
2016-03-15,34.27876663208008,34.52123335299617,34.149954560725796,34.157533271622036,13686300,0,0.46029523
2016-03-16,34.13479995727539,34.22572425481908,33.755945345340194,34.13479995727539,15386100,0,0.09678265
2016-03-17,34.68035888671875,34.78643773811421,34.07419195700759,34.134807204762744,24080000,1,0.9887398
2016-03-18,34.55153274536133,34.75611454294578,34.39241453293923,34.73338419557998,23853400,1,0.81089246
2016-03-21,34.604583740234375,34.75612618443695,34.36969569763051,34.41515640758909,9740400,1,0.60336006
2016-03-22,34.47578048706055,34.65005331629712,34.39243198385344,34.513665382036805,13788300,0,0.2772828
2016-03-23,34.445465087890625,34.63489241840973,34.36211659999315,34.40000437844231,9292100,0,0.31068107
2016-03-24,34.53638458251953,34.55153622200083,34.24087558487572,34.43788158330493,10890200,1,0.535623
2016-03-28,34.703086853027344,34.801589875580646,34.48335045288218,34.521238231855406,13306600,1,0.843915
2016-03-29,35.21833419799805,35.24106455611368,34.71067026386825,34.748555157538334,25010400,1,0.9858765
2016-03-30,35.294097900390625,35.407752552498216,35.104670589779936,35.331982784426486,14312200,1,0.80070734
2016-03-31,35.1501350402832,35.52141388043591,35.097095618894485,35.27136841637623,15544500,0,0.18045193
2016-04-01,35.4835319519043,35.513838130631505,34.93798026876754,34.96071062542092,14922900,1,0.9810524
2016-04-04,35.528987884521484,35.55929694960231,35.233481726062266,35.49110299838622,10629800,1,0.92956847
2016-04-05,35.2562141418457,35.46837471938954,35.18802018664084,35.32440809705056,10696700,0,0.097659856
2016-04-06,35.39259719848633,35.40775172983485,35.14255465731402,35.286518369477996,9122700,1,0.6816855
2016-04-07,35.12740707397461,35.294104061348776,34.97586462094645,35.23348592396476,9292000,0,0.19008346
2016-04-08,35.513832092285156,35.59718057308525,35.188016880301966,35.188016880301966,11959300,1,0.94691485
2016-04-11,35.18801498413086,35.71083619354679,35.165284632567136,35.5365634205519,11880100,0,0.13999778
2016-04-12,35.34714889526367,35.430494511272656,35.11983373572109,35.16529734571607,11219100,1,0.56863546
2016-04-13,34.88493347167969,35.445636680486075,34.718236516959855,35.438060860013046,13234100,0,0.03451313
2016-04-14,34.72581481933594,35.02132095164006,34.66519669453957,34.90008759247859,12982200,0,0.03294059
2016-04-15,34.93039321899414,34.97585681188149,34.61215674007641,34.71823556638232,13647800,1,0.7622102
2016-04-18,35.021331787109375,35.066792504340754,34.71824685021672,34.930404571782276,11538100,1,0.90370953
2016-04-19,35.30925369262695,35.32440822610914,34.96828680578864,35.089520183214454,14418300,1,0.930533
2016-04-20,33.619564056396484,34.38485214144299,33.38467600074274,34.35454307283223,40360300,0,0.017225744
2016-04-21,33.08158874511719,33.55136771347968,32.48299768952673,33.536213180250996,37206900,0,0.036453065
2016-04-22,33.74836349487305,33.83928777617076,33.18008167850849,33.18008167850849,25134200,1,0.90911037
2016-04-25,33.87718963623047,33.884768349556026,33.627147014699695,33.71807134158068,11173800,1,0.6642197
2016-04-26,33.74079895019531,34.06661422626049,33.66502916570983,34.0363051562935,13935500,1,0.61381936
2016-04-27,33.854454040527344,33.99084195496853,33.52863878829916,33.824144972777795,11335500,1,0.92482066
2016-04-28,33.81656265258789,34.02114448493554,33.68775058462178,33.7180596465469,10932500,1,0.5005066
2016-04-29,33.94537353515625,33.99083713032749,33.71806134016278,33.74079169253271,11716000,1,0.5216066
2016-05-02,34.08177947998047,34.24089781170198,33.7711186411958,33.7711186411958,12577500,1,0.7611618
2016-05-03,33.97568893432617,34.14996174600028,33.83172519175154,33.99841929093482,10420500,0,0.14566608
2016-05-04,34.08177947998047,34.180282543136464,33.72565502194698,33.8847762441014,9350500,1,0.5945815
2016-05-05,34.14239501953125,34.46821037306856,33.99842834817174,34.04389196393254,8801100,0,0.41859898
2016-05-06,34.339385986328125,34.407579940418046,34.036301103610334,34.14238283586372,8564000,1,0.79658866
2016-05-09,34.27876663208008,34.47576975891266,34.22572432710033,34.339381867093444,8110600,1,0.6746648
2016-05-10,34.66521072387695,34.733404696655974,34.415165193543054,34.430319730875325,8933500,1,0.97960556
2016-05-11,34.445465087890625,34.763704506187196,34.4378892664598,34.65004695170306,8833100,0,0.11410791
2016-05-12,34.72581481933594,34.778854233317126,34.46819356981391,34.51365427297991,10463400,1,0.9570324
2016-05-13,34.36211395263672,34.72581694279255,34.27118965031349,34.665198814289425,10341200,0,0.116568774
2016-05-16,34.56669998168945,34.650048473246905,34.20299983797386,34.218154371932656,9413600,1,0.55301934
2016-05-17,33.907493591308594,34.521239208600576,33.87718452344514,34.43789071719196,17457000,0,0.013094395
2016-05-18,33.702919006347656,33.96811907184857,33.513491626889476,33.76353715518184,12524300,0,0.05515191
2016-05-19,33.58168029785156,33.63471972449236,33.369522591288344,33.528640871210754,10659500,0,0.13161893
2016-05-20,33.30132293701172,33.74837152115607,33.29374422568319,33.72563827760197,12914100,0,0.03196258
2016-05-23,33.31647872924805,33.46044245518845,33.29374548483419,33.39224850281003,13554700,0,0.2704317
2016-05-24,33.619564056396484,33.65744894694401,33.3392123978266,33.41498217892163,12634200,1,0.90619236
2016-05-25,33.62714385986328,33.81657120917909,33.52864082889811,33.725644000396485,9218100,1,0.9194861
2016-05-26,33.86202621459961,33.92264434356887,33.672598897217895,33.74079284709257,8695800,1,0.87843925
2016-05-27,33.930213928222656,34.06660180290441,33.8317138223988,33.87717452033875,7893900,1,0.55297506
2016-05-31,33.79383087158203,34.08176119145319,33.53620961494602,34.08176119145319,18935200,0,0.06432999
2016-06-01,33.869606018066406,33.93022125855873,33.71048776003853,33.79383335441154,8916000,0,0.38628647
2016-06-02,33.88475799560547,33.88475799560547,33.71806103856666,33.869603464017274,6693900,1,0.55771494
2016-06-03,34.12722396850586,34.13479978891743,33.85444818678888,33.907487600963705,13434900,1,0.9680425
2016-06-06,34.37726593017578,34.460614405458195,34.15753245675907,34.16510827704327,10310600,1,0.93104196
2016-06-07,34.339385986328125,34.46061936132891,34.24846167768545,34.362116340880874,9812600,0,0.40956736
2016-06-08,34.51366424560547,34.59701274606815,34.24088838606654,34.278776170227474,7915400,1,0.826181
2016-06-09,34.67277145385742,34.70308051532808,34.331804628821665,34.346959159556995,8042900,1,0.9665033
2016-06-10,34.8470573425293,34.86220898728167,34.52124206214453,34.56670277726573,12357000,1,0.930228
2016-06-13,34.45001983642578,34.86995523259808,34.42711516961925,34.7248874884942,10613500,0,0.024657039
2016-06-14,34.38894271850586,34.45765963744657,33.93082895470188,34.24387204929894,11298200,0,0.174854
2016-06-15,34.36603546142578,34.61799847078531,34.26677995403971,34.45002313121229,8360400,1,0.70816
2016-06-16,34.5950927734375,34.61799744175378,34.144615850098624,34.25914210427771,11305400,1,0.87543035
2016-06-17,34.19805908203125,34.52637289183506,33.88501602065988,34.488194564455235,20805400,0,0.0889462
2016-06-20,34.3431396484375,34.595102722770335,34.32786889430231,34.42712733988178,10712400,1,0.7123438
2016-06-21,34.45765686035156,34.572183107624056,34.35839844930404,34.480561527286554,7919400,1,0.7533216
2016-06-22,34.251495361328125,34.61035056444234,34.213319957561986,34.549267588339234,10738900,0,0.12004589
2016-06-23,34.41947555541992,34.488189544467936,34.236229513500795,34.38129723359721,9655300,1,0.57761514
2016-06-24,33.541439056396484,34.022457546832555,33.45745137730151,33.74758983801195,26003700,0,0.019810908
2016-06-27,33.426902770996094,33.51089043224543,33.075684289951134,33.342915109746755,15779500,0,0.12936875
2016-06-28,33.73231887817383,33.739952797772624,33.34292198887909,33.64069727999781,16509800,1,0.91705996
2016-06-29,33.93082809448242,34.13697884607818,33.778126423016836,33.892652676616024,12250900,1,0.8537751
2016-06-30,34.6103630065918,34.6103630065918,33.96900608992954,33.99191075790395,16056500,1,0.9855893
2016-07-01,34.45001983642578,34.67144132421395,34.41184442088239,34.61036124186403,11799700,1,0.6686457
2016-07-05,34.68670654296875,34.8699496734022,34.472921919930705,34.48055583678333,12339100,1,0.8298961
2016-07-06,34.56454086303711,34.77832546985718,34.2973071919152,34.740150063296,10902600,0,0.22425207
2016-07-07,34.42711639404297,34.75543022206834,34.335494810960746,34.67907647566848,9741100,0,0.14199635
2016-07-08,34.648529052734375,34.7554213578341,34.411836868158645,34.58744607119346,11127100,1,0.53286386
2016-07-11,34.79359817504883,34.94630272249277,34.442379754745666,34.6256228816008,10937800,1,0.8884842
2016-07-12,34.80123519897461,34.90049067966081,34.495826102378736,34.84704452464609,9739000,1,0.7882933
2016-07-13,34.92341232299805,34.93868016264076,34.68672003216163,34.8241538897314,8028400,1,0.9736168
2016-07-14,34.88521957397461,35.07609952923019,34.801234840243616,34.91576106583877,7621200,0,0.2565696
2016-07-15,34.839420318603516,35.04557107937606,34.694349646616644,35.03030032903018,10621000,0,0.13049653
2016-07-18,34.839420318603516,34.89286648851516,34.724891147308384,34.88522965704331,7958300,0,0.30038458
2016-07-19,34.839420318603516,34.90050040738919,34.686715727742616,34.709620396962514,7761100,0,0.34810287
2016-07-20,34.74778747558594,34.946304269832005,34.656165908101585,34.931033523151754,8478200,0,0.15667564
2016-07-21,34.701995849609375,34.747805200420316,34.55692513844512,34.618008156324514,8045100,0,0.31681517
2016-07-22,34.992122650146484,34.999756568527616,34.709618155884904,34.74015965460469,8836100,1,0.98592794
2016-07-25,34.79359817504883,34.99211496050505,34.717247357625354,34.97684421450095,9134300,0,0.2752079
2016-07-26,34.266788482666016,34.85469940489835,34.2286130539701,34.76307488090994,15819900,0,0.012588291
2016-07-27,33.13676452636719,33.640687539321284,32.907706228353945,33.51852447292627,37461100,0,0.035182055
2016-07-28,33.32764434814453,33.358182930156524,32.999330562588405,33.03750597455132,13077800,1,0.6112207
2016-07-29,33.31238555908203,33.40400716320215,33.19785636948317,33.381102490321695,16530500,0,0.4625137
2016-08-01,33.17494583129883,33.465084257747634,33.159675081212285,33.358189007141824,12349700,0,0.040115386
2016-08-02,33.236019134521484,33.27419745824332,33.06804674305352,33.09858532439495,12825200,1,0.8650214
2016-08-03,33.32001495361328,33.365827205750215,33.11386418789393,33.33528570432559,12119100,1,0.9073258
2016-08-04,33.22075271606445,33.44217420707376,33.13676796568623,33.25893104476075,11244100,0,0.16681057
2016-08-05,33.19784164428711,33.40399234656613,33.144395489540365,33.327641529098486,10398200,0,0.17945476
2016-08-08,33.16730499267578,33.228387985641895,32.99933258721379,33.159671074853726,8680300,0,0.4046254
2016-08-09,33.190208435058594,33.32000541003973,33.12149153283416,33.213113098267726,7281300,1,0.60088557
2016-08-10,33.29710388183594,33.358183960343474,33.21311622536542,33.320008547201596,8412100,1,0.85680014
2016-08-11,33.40399169921875,33.49561326092375,33.30473330835679,33.38108703694173,11303300,1,0.6116693
2016-08-12,33.61779022216797,33.739953325847374,33.43454702294794,33.526168622557954,10928900,1,0.5830476
2016-08-15,33.77811813354492,33.84683503387973,33.60250601178055,33.671222912115354,10390600,1,0.9449343
2016-08-16,33.465084075927734,33.78576108820958,33.465084075927734,33.78576108820958,9706100,0,0.056148667
2016-08-17,33.64069366455078,33.64832758332914,33.42690607498555,33.60251533286564,11208500,1,0.62772506
2016-08-18,33.671234130859375,33.79339722631337,33.59488328842486,33.602517207629134,9144300,1,0.75541806
2016-08-19,33.533790588378906,33.64068581451647,33.396359694253384,33.63304898492238,9385900,0,0.19088718
2016-08-22,33.39636993408203,33.556708453554926,33.388733102146375,33.54907162161927,8687500,0,0.09415999
2016-08-23,33.480350494384766,33.57960890890241,33.39636574182112,33.480350494384766,8421100,0,0.4678663
2016-08-24,33.480350494384766,33.54906741018965,33.33528274439561,33.45744582664901,11508900,1,0.6147244
2016-08-25,33.342918395996094,33.549069154126826,33.312379808293514,33.480352234749915,9815700,0,0.11710376
2016-08-26,33.07567596435547,33.53378665800601,33.068042048253226,33.381085035187,11824900,0,0.01564177
2016-08-29,33.24365997314453,33.29710613768355,33.083321479527484,33.09095539763412,9544600,1,0.808617
2016-08-30,33.01460266113281,33.23602122461898,32.922978173555066,33.18257506316397,9720100,0,0.035738442
2016-08-31,33.159671783447266,33.182576450000305,32.89244096500355,33.159671783447266,10217900,1,0.78330284
2016-09-01,33.09858322143555,33.14439545943271,32.984056995338115,32.991690912039154,8457800,0,0.4602296
2016-09-02,33.33528518676758,33.46508510950802,33.190217426149765,33.22839284603889,9026000,1,0.87808466
2016-09-06,33.434547424316406,33.442181344126325,33.13677503756061,33.396372000070464,8600400,1,0.94261646
2016-09-07,33.32001495361328,33.44217804671387,33.23602728099453,33.38109795646252,8656600,0,0.22934763
2016-09-08,33.31238555908203,33.38873641041575,33.17495169660271,33.342924152056554,10020400,0,0.14050475
2016-09-09,32.27399444580078,33.15967763073276,32.27399444580078,33.15967763073276,23624200,0,0.012361737
2016-09-12,32.976417541503906,33.006959031071275,32.32742690747956,32.34269765226325,15932300,1,0.9019657
2016-09-13,32.545352935791016,32.92253548132696,32.4914701344848,32.92253548132696,12962700,0,0.23455387
2016-09-14,32.41450881958008,32.64543562496169,32.32213868470616,32.53766997820985,9823900,0,0.029033607
2016-09-15,32.60694122314453,32.63003301774333,32.237457827598696,32.33752422845551,10158500,1,0.8829164
2016-09-16,32.43760299682617,32.52997313847068,32.306745540862615,32.46069479813883,16354000,0,0.41272876
2016-09-19,32.406803131103516,32.61463809540723,32.391410558689664,32.45298965752425,7659900,0,0.18544617
2016-09-20,32.591548919677734,32.73780186050771,32.51457430585002,32.56845712280808,8407200,1,0.9253633
2016-09-21,32.737796783447266,32.799378814073776,32.40680070981188,32.545357342328685,13654700,1,0.9274399
2016-09-22,33.06879425048828,33.10728155305515,32.86095929295562,32.876354801260966,9288300,1,0.947997
2016-09-23,32.899452209472656,33.05340143226947,32.830173884656816,32.95333502473018,8852700,0,0.24478713
2016-09-26,32.36832046508789,32.88405980663998,32.337529443062266,32.87636058293683,15036000,0,0.011756555
2016-09-27,32.783992767333984,32.81478379153302,32.32983543777615,32.476088398131026,11920400,1,0.9166476
2016-09-28,32.44529342651367,32.914843232154496,32.35292037351506,32.81477682932893,15523800,0,0.07579321
2016-09-29,32.35292434692383,32.63003766716707,32.214367686802206,32.34522805975859,12671700,0,0.048971694
2016-09-30,32.57615661621094,32.71471328385404,32.37602083872289,32.491482770829755,14375700,1,0.9244274
2016-10-03,32.35292434692383,32.56845856066492,32.245158708249996,32.56845856066492,11152800,0,0.13085547
2016-10-04,32.20667266845703,32.59155164253688,32.16048613446578,32.59155164253688,13682700,0,0.022352643
2016-10-05,32.18357849121094,32.38371425092876,32.07580991986237,32.275948615973526,9607300,0,0.1693548
2016-10-06,32.106605529785156,32.283649517718544,32.00653910381873,32.083513729391946,9722900,0,0.16718242
2016-10-07,32.12199401855469,32.2836424587495,31.998832882731055,32.198971563690144,8122800,0,0.43378595
2016-10-10,32.12199401855469,32.32213269951378,32.021924678075145,32.2682469497224,8983600,0,0.40814978
2016-10-11,31.975746154785156,32.09890731012691,31.86798051091031,32.06811628719308,12249100,0,0.33995435
2016-10-12,32.16048049926758,32.20666702516598,31.944949251194444,32.04501858911112,12216300,1,0.91380244
2016-10-13,32.145084381103516,32.2451537171227,31.952644931432083,32.06041348981818,17655600,0,0.48819536
2016-10-14,32.075809478759766,32.2605526621377,32.03732217200407,32.21436613219489,9893800,0,0.14252478
2016-10-17,32.02192687988281,32.22206557460331,31.99883508295095,32.121996227243066,10792500,0,0.2625896
2016-10-18,32.30673599243164,32.329827786919395,32.12199282735061,32.18357486117529,11297300,1,0.91406035
2016-10-19,32.36832046508789,32.422203285436,32.18358020572108,32.27595033540449,16367400,1,0.9256807
2016-10-20,32.27593994140625,32.414496559507946,32.24514892929642,32.30673095351608,10620500,0,0.13768028
2016-10-21,32.42989730834961,32.460685389044265,32.08350570709589,32.214363125128955,14401500,1,0.96009374
2016-10-24,32.760887145996094,32.922535550253166,32.52226121371724,32.576144015136265,13439200,1,0.89981556
2016-10-25,32.74549865722656,33.007216435797645,32.660824826454586,32.82247326535032,16484700,0,0.41094324
2016-10-26,32.66852951049805,33.12268686251751,32.645437709403545,33.09959506142301,16886200,0,0.25744128
2016-10-27,32.42219543457031,32.83016903663751,32.25285072722226,32.814773529352635,14537000,0,0.14037217
2016-10-28,32.50687026977539,32.691613426560075,32.40680093750065,32.52996206322615,13398400,0,0.41304696
2016-10-31,32.63772964477539,32.64542593023196,32.42219547888535,32.42219547888535,13327500,1,0.82698375
2016-11-01,32.42219543457031,32.66082139289668,32.26054701266831,32.637729600165756,12223400,0,0.07814124
2016-11-02,32.36832046508789,32.59155097018348,32.337529443062266,32.406807774423186,12034300,0,0.2755806
2016-11-03,32.35292434692383,32.49918023060411,32.29904152758691,32.49918023060411,11258000,0,0.37265995
2016-11-04,32.09120178222656,32.36061877538317,32.09120178222656,32.21436291337464,14464200,0,0.022833023
2016-11-07,32.683921813964844,32.71471283666321,32.3606248848126,32.3606248848126,14038500,1,0.9938008
2016-11-08,33.007225036621094,33.08419966480243,32.61464679827227,32.61464679827227,12036600,1,0.97665185
2016-11-09,32.53767395019531,32.57616126639159,32.09891208549098,32.14509569036891,21351000,0,0.024106989
2016-11-10,31.513887405395508,32.52996759966079,31.444609076859543,32.222066201140215,33245500,0,0.017363302
2016-11-11,31.583160400390625,31.660137939316368,31.275259053866257,31.521581305642897,13421000,0,0.2056077
2016-11-14,31.690927505493164,31.883366957247848,31.444605242158605,31.660139424871097,19514200,1,0.7135888
2016-11-15,31.89876365661621,31.960345692945364,31.69092868859499,31.69862791133269,16554000,1,0.80868536
2016-11-16,31.760210037231445,32.0604180883488,31.68323542087934,31.86797861107514,12681400,0,0.49809262
2016-11-17,31.65243911743164,31.79099575285698,31.560069005945714,31.775600244877175,12398800,0,0.4356826
2016-11-18,31.490793228149418,31.71402370727207,31.48309694173521,31.583163347085527,16345300,0,0.098595195
2016-11-21,31.837188720703125,31.837188720703125,31.35224039855998,31.49079706202945,12307000,1,0.9384655
2016-11-22,31.84486389160156,32.09888525165087,31.74479754042294,31.90644589514984,12743500,1,0.82989544
2016-11-23,31.65243911743164,31.798694975043333,31.58316079971897,31.729416657330663,9281300,0,0.16620727
2016-11-25,31.96804428100586,32.00653452467945,31.74481672422296,31.860278646063772,7402300,1,0.81162
2016-11-28,32.137393951416016,32.1681849737087,31.76791049308432,31.952650754053415,19424400,1,0.98194534
2016-11-29,31.94331741333008,32.230534737401264,31.935553102259025,32.230534737401264,11421900,0,0.1867262
2016-11-30,31.32231330871582,31.982140793481893,31.322313308715817,31.826887093465285,22410400,0,0.014454175
2016-12-01,31.18258285522461,31.353362208113136,30.957468116947133,31.29126250965591,20409900,0,0.29736176
2016-12-02,31.3300838470459,31.430999216289255,31.198117139386333,31.28350683942159,11176300,1,0.77404034
2016-12-05,31.53190803527832,31.586246390712457,31.29126759298953,31.31455461354179,15977800,1,0.7194773
2016-12-06,31.493087768554688,31.64834144438436,31.376646771378045,31.632815780679636,11303500,1,0.78725463
2016-12-07,32.051998138427734,32.051998138427734,31.446509130524436,31.46979910547056,13726500,1,0.9826377
2016-12-08,31.81135368347168,31.98989435860213,31.7104383588441,31.881217683411187,13077100,0,0.39818183
2016-12-09,32.6031494140625,32.773928763344884,32.052001646564655,32.21501668294271,28125800,1,0.977961
2016-12-12,32.52553176879883,32.610918502479734,32.385803715548704,32.603157148951816,17561900,1,0.56323177
2016-12-13,32.416839599609375,32.57209326130946,32.246063236834836,32.38579123624319,18986000,0,0.28965586
2016-12-14,31.989900588989254,32.595389693463126,31.873462540557355,32.51776136662397,17937900,0,0.052257948
2016-12-15,32.25383377075195,32.455664476792926,31.90451367277191,31.90451367277191,14265300,1,0.56833637
2016-12-16,32.40133285522461,32.41685556394352,32.19950210725368,32.300417481239144,19675200,1,0.91309804
2016-12-19,32.34697723388672,32.447892563272035,32.27711619187087,32.362502896962724,8687300,0,0.40619132
2016-12-20,32.33921432495117,32.38579131193525,32.168435000560194,32.37026564960723,10603500,0,0.29030174
2016-12-21,32.269351959228516,32.47118261849641,32.2305392820516,32.292638973291176,9693600,0,0.37569883
2016-12-22,32.25383377075195,32.30817212363572,31.888990967277813,32.269359437464196,11894100,0,0.3293101
2016-12-23,32.29264450073242,32.36250851609628,32.09857812041259,32.30817016650416,6436600,1,0.6063696
2016-12-27,32.3004150390625,32.4168531129632,32.24607667899846,32.26160234776226,6999200,1,0.59495735
2016-12-28,32.1296272277832,32.34698061110538,32.1296272277832,32.20725555126809,8988000,0,0.23746745
2016-12-29,32.29264450073242,32.36250851609628,32.12186809967918,32.12186809967918,6875300,1,0.7509065
2016-12-30,32.1839714050293,32.478953165284125,32.09858171433303,32.36251213956771,11470200,0,0.11942118
2017-01-03,32.447898864746094,32.45566317840067,32.04424043003068,32.21501979581513,14711000,1,0.93813026
2017-01-04,32.33146286010742,32.57986761087379,32.2848858588819,32.51000358964461,9959400,0,0.34741595
2017-01-05,32.40908432006836,32.4944739980598,32.23830496408547,32.33922030727698,8968300,1,0.5299664
2017-01-06,32.40133285522461,32.45567121939707,32.246079117066685,32.37028151534927,10246600,0,0.4280699
2017-01-09,32.075286865234375,32.27711753238733,31.98989719537871,32.00542285909952,14822500,0,0.031730834
2017-01-10,31.857929229736328,32.16843357892263,31.71820123617648,32.16843357892263,19706800,0,0.049125835
2017-01-11,31.86569595336914,31.92003429767009,31.694919568945153,31.710442271987414,9266200,0,0.42379498
2017-01-12,31.788082122802734,31.85794615670326,31.671641079228937,31.834656171257254,8541200,0,0.14052846
2017-01-13,31.733741760253903,31.857944150341808,31.58624938618676,31.82689281251519,8123500,0,0.40305656
2017-01-17,31.997663497924805,32.05976319545273,31.67163046194551,31.702681791318348,12469400,1,0.960728
2017-01-18,32.051998138427734,32.12186214083129,31.935557147349336,32.0209468126445,10390500,1,0.8416451
2017-01-19,31.935569763183594,32.05201080026089,31.850180064156056,31.935569763183594,10987100,0,0.1549527
2017-01-20,32.075286865234375,32.168437886341664,31.927797501713044,32.03647418654114,14695400,1,0.74585086
2017-01-23,32.160682678222656,32.21502103101607,31.989903305890117,32.06753163932224,11628900,1,0.8915153
2017-01-24,32.52553176879883,32.579870127149604,32.1917373039478,32.1917373039478,17040100,1,0.91385543
2017-01-25,32.696292877197266,32.797208193086,32.52551652863601,32.55656488941812,12538200,1,0.7242792
2017-01-26,32.455657958984375,32.68853699046447,32.44013229539003,32.62643433608709,8976800,0,0.08269445
2017-01-27,32.176204681396484,32.56433742071075,32.15291470340952,32.53328609087334,12967400,0,0.10550027
2017-01-30,32.12187194824219,32.19949732518333,31.989905253980265,32.05976927771462,11626200,0,0.192312
2017-01-31,32.269351959228516,32.362502976696604,32.106336938355,32.12962395241766,12678000,1,0.7655222
2017-02-01,32.028709411621094,32.339216759118834,32.02094806048154,32.230540075859885,11136100,0,0.015847266
2017-02-02,32.137393951416016,32.20725796718415,32.02095293806314,32.145155303737816,9459700,1,0.6154697
2017-02-03,32.24606704711914,32.44013340687135,32.183964390613966,32.27711837537173,11882400,1,0.9443827
2017-02-06,32.26158905029297,32.34697575147168,32.137386712594385,32.23829907613759,15742800,1,0.7858087
2017-02-07,32.52553176879883,32.58763148067753,32.34698806425377,32.37027804727442,13315200,1,0.8739207
2017-02-08,32.61867904663086,32.71959439813906,32.478951009532764,32.533289361602236,14219700,1,0.7278832
2017-02-09,32.02094650268555,32.61867119274843,31.609526804301208,32.61867119274843,27240300,0,0.02824801
2017-02-10,31.50086212158203,31.982146004962345,31.477572137992723,31.84241794830055,28847300,0,0.019672371
2017-02-13,31.53190803527832,31.694926062798995,31.43875699185099,31.648349060476193,23617100,0,0.26337087
2017-02-14,31.46202850341797,31.516366832066407,31.221388179751138,31.345590496835676,32177800,0,0.21116665
2017-02-15,31.39216423034668,31.539656516383815,31.36111587226968,31.376638570699782,26600800,0,0.22668353
2017-02-16,31.982133865356445,32.04423355517993,31.438747513618328,31.477560189910182,22214800,1,0.9866247
2017-02-17,32.00541687011719,32.106332184809986,31.865688883993936,31.92779152725628,15065100,1,0.87943697
2017-02-21,32.1839714050293,32.21502274004944,31.982143649834914,31.982143649834914,17072600,1,0.8367111
2017-02-22,32.29264450073242,32.35474716381939,32.13739376545093,32.22278048536857,11186800,1,0.8705511
2017-02-23,32.33921432495117,32.603144662093,32.308163000295124,32.346975675506535,12856800,1,0.56251264
2017-02-24,32.4323616027832,32.533276915685285,32.29263361913939,32.37026192183982,13215300,1,0.5128554
2017-02-27,32.34697723388672,32.40907988619074,32.284877542800146,32.40907988619074,12186400,0,0.16827255
2017-02-28,32.57210159301758,32.65749127685556,32.323696855244215,32.3547481877704,15946800,1,0.7277615
2017-03-01,32.72735595703125,32.87484534768962,32.510002547383515,32.61091493830961,14662000,1,0.7065339
2017-03-02,32.967987060546875,33.03785105349912,32.657479767155365,32.66524407815951,15507600,1,0.9445287
2017-03-03,32.97575759887695,32.98352191204459,32.79721689185324,32.96799624692716,11740000,1,0.8524259
2017-03-06,32.742881774902344,32.93694816618971,32.69630477495485,32.86708414687753,16307800,0,0.07315768
2017-03-07,32.59539031982422,32.78945669882451,32.56433898849187,32.60315167204834,11273700,0,0.1215472
2017-03-08,32.59539031982422,32.62643868993863,32.401323940823936,32.60315167204834,14636000,0,0.4868458
2017-03-09,32.62643814086914,32.688540802488724,32.54104846175117,32.67301513708383,14496400,1,0.83160996
2017-03-10,32.82827377319336,32.91366346516931,32.71959706021246,32.781696769965116,16369700,1,0.9047527
2017-03-13,32.91440963745117,32.984890293547934,32.765618468960035,32.82826628140462,12831500,1,0.757422
2017-03-14,32.86742401123047,32.96922707828104,32.75778810065015,32.8752538674057,9844500,0,0.4402017
2017-03-15,32.98488235473633,33.11018093682316,32.867416614416456,32.87524646882957,22757800,0,0.4565018
2017-03-16,33.08668518066406,33.196321055948864,32.812595492452054,32.91439852672877,16004200,0,0.4806446
2017-03-17,32.91440963745117,33.16500686193864,32.898746937501386,33.110188905791674,37526500,0,0.1260062
2017-03-20,33.03188705444336,33.157185699540726,32.945743675809794,32.96923623821701,11484200,1,0.56279916
2017-03-21,33.282474517822266,33.384280570453676,33.05536985708852,33.133683354249015,17187300,1,0.7784123
2017-03-22,33.188499450683594,33.43909665285976,33.08669340375131,33.32946075032697,11605500,0,0.19411705
2017-03-23,33.02404022216797,33.19632690646706,32.93789986737251,33.055365617014,11503300,0,0.12490795
2017-03-24,32.98488235473633,33.08668838622995,32.8204285258762,33.07102569004987,13804400,0,0.4275168
2017-03-27,33.141517639160156,33.15718034068534,32.93007564960243,32.97706375417799,12387400,1,0.91638494
2017-03-28,33.2276611328125,33.32946719944385,33.07886994877813,33.07886994877813,14123800,1,0.8650891
2017-03-29,33.21982192993164,33.30596527848883,33.118018870140695,33.29030257990077,9580100,1,0.65314794
2017-03-30,33.360782623291016,33.376445321594296,33.09452272684382,33.165003375531434,11999900,1,0.9552307
2017-03-31,33.23548889160156,33.399945754193766,33.227659034980356,33.32163225120827,11551800,0,0.18432142
2017-04-03,33.211997985839844,33.38428471362016,33.10236206356321,33.34512945385777,11240000,0,0.14942466
2017-04-04,33.42343521118164,33.43126506707658,33.18066785547679,33.2903037621324,10946200,1,0.9715916
2017-04-05,33.3372917175293,33.564396373122264,33.305966319374186,33.39994251383952,10142800,0,0.3048386
2017-04-06,33.41560363769531,33.486084292845604,33.25898261500979,33.345125969899534,14597800,1,0.5604704
2017-04-07,33.36861801147461,33.470424064534534,33.29030451398448,33.39211056704441,11028800,1,0.5000685
2017-04-10,33.43125534057617,33.51739866712998,33.32945230678852,33.462580729750925,9426900,0,0.47327295
2017-04-11,33.407772064208984,33.47825271573629,33.29813615902304,33.42343476314332,8909400,0,0.24088246
2017-04-12,33.627037048339844,33.66619528140379,33.290296557995504,33.31379209530462,13417200,1,0.89972496
2017-04-13,33.509578704833984,33.73668336235716,33.501745861551434,33.572226514322274,9891900,0,0.16456577
2017-04-17,33.72884750366211,33.72884750366211,33.50174286644244,33.50957570902472,11318100,1,0.95646006
2017-04-18,34.0499267578125,34.13607010567861,33.7445116061812,33.76017430464361,13181600,1,0.96641445
2017-04-19,33.85416030883789,34.292707069543745,33.82283490006846,34.25355180225966,13893100,0,0.15963884
2017-04-20,33.744510650634766,33.908964498801794,33.713185254596986,33.83065399606155,10838300,0,0.16257092
2017-04-21,33.72884750366211,33.752340056700646,33.5878862107226,33.658366857192355,13833800,0,0.4433247
2017-04-24,33.8932991027832,34.01076783489693,33.79149605479552,33.86197669659297,16703800,1,0.84662855
2017-04-25,33.76017761230469,34.01077483754701,33.53307294338053,33.5565654996987,18745100,0,0.34023327
2017-04-26,33.86197280883789,34.01076393005887,33.658360761531696,33.72101154142702,13626600,1,0.92033845
2017-04-27,33.681861877441406,33.89330383233888,33.61138122580891,33.80716048174868,10386200,0,0.25921255
2017-04-28,33.791507720947266,33.83066298271845,33.55657017561017,33.642713543919776,10337800,1,0.7161811
2017-05-01,33.84630584716797,34.06557757445279,33.7523296891717,33.791487915346764,13208200,1,0.8378132
2017-05-02,33.97945022583008,34.018605483053555,33.79933365271836,33.846321753799316,11823900,1,0.7722165
2017-05-03,33.924625396728516,34.057756829147806,33.791496951663255,33.93245823899943,10389000,0,0.4922914
2017-05-04,34.190887451171875,34.30835619388269,33.987278349474586,34.00293806030542,10193100,1,0.89337754
2017-05-05,34.214385986328125,34.3318547495755,34.11258291135879,34.29269949094463,8133000,1,0.7085601
2017-05-08,34.371002197265625,34.38666489462952,34.09691246178267,34.136067711515366,14284300,1,0.9534208
2017-05-09,34.073421478271484,34.371006793269665,33.971618412824434,34.371006793269665,8694400,0,0.05021358
2017-05-10,34.120399475097656,34.159554718473956,33.955945660505066,34.049918842078895,7597700,0,0.24083133
2017-05-11,34.19872283935547,34.20655568339233,34.01077640543672,34.05776450759376,6860100,1,0.8697589
2017-05-12,34.136077880859375,34.20655854631647,34.034271811342464,34.17523314225666,7275800,1,0.57653356
2017-05-15,34.24571228027344,34.26920483859299,34.03427029333295,34.03427029333295,8493000,1,0.8297554
2017-05-16,34.33967971801758,34.54329181368102,34.2770319105972,34.35534241671125,10454100,1,0.521143
2017-05-17,34.40233612060547,34.59028256085746,34.23004939424547,34.33968531561827,14538800,1,0.55630255
2017-05-18,34.300514221191406,34.42581278596636,34.175215656416455,34.35533215657086,13832200,0,0.19607666
2017-05-19,34.378841400146484,34.457151914100315,34.26920249831465,34.339683155814946,11796800,1,0.5230005
2017-05-22,34.598121643066406,34.62944705120786,34.30836908614635,34.3710169150739,12857900,1,0.9044307
2017-05-23,34.7625617980957,34.92701564472555,34.6216005045975,34.652925900342474,11996100,1,0.8984321
2017-05-24,35.263755798339844,35.31074389144795,34.856534620132,34.856534620132,12738300,1,0.9873198
2017-05-25,35.56135177612305,35.616169740893575,35.21678128508613,35.2402738450292,16704200,1,0.9796139
2017-05-26,35.545692443847656,35.67882393330921,35.49870731950677,35.514367036050196,11341400,1,0.7384701
2017-05-30,35.57700729370117,35.60049984889989,35.32641008040011,35.36556533484945,13093500,1,0.73502314
2017-05-31,35.60832977294922,35.78844631853333,35.53001628311644,35.57700437701611,14148000,1,0.533278
2017-06-01,35.85893249511719,35.85893249511719,35.42038584649273,35.592672563337096,11049300,1,0.96714383
2017-06-02,35.93724060058594,35.93724060058594,35.71796878465011,35.89025548994508,9923700,1,0.9308244
2017-06-05,36.01555252075195,36.01555252075195,35.780615028413735,35.85109567864434,10015200,1,0.62096584
2017-06-06,36.00771713256836,36.0703679227246,35.85109314453186,35.94506932976622,9836700,1,0.5274605
2017-06-07,35.6396484375,35.78844255887402,35.514349854284646,35.63181858301636,12776300,0,0.02761281
2017-06-08,35.342079162597656,35.63966154004094,35.26376565220077,35.63966154004094,12879000,0,0.040816817
2017-06-09,35.49085998535156,35.51435253793157,35.216770247404426,35.28725089249856,9358800,1,0.81751204
2017-06-12,35.49869155883789,35.6161573048931,35.39688552237352,35.490858716688486,11228500,1,0.85591805
2017-06-13,35.5539665222168,35.61713291129389,35.37236767152895,35.53028063228249,10023400,1,0.90779483
2017-06-14,35.76715087890625,35.90137795839995,35.65661270281697,35.67240430110678,11497500,1,0.8310263
2017-06-15,35.72766876220703,35.79872943933871,35.56186151954613,35.672399681320066,9908700,1,0.5710162
2017-06-16,35.775047302246094,35.806627486107935,35.53817634567666,35.775047302246094,27025300,0,0.49398965
2017-06-19,35.83030700683594,35.83030700683594,35.609227706056245,35.80661811021829,7624700,1,0.76906514
2017-06-20,36.011905670166016,36.21719036440323,35.782932079407885,35.80661796399027,14920900,0,0.48278835
2017-06-21,35.703983306884766,36.06718098910143,35.66450280982461,36.01980619979267,9515800,0,0.08371187
2017-06-22,35.58555221557617,35.751359480637745,35.55396901881985,35.66450719552756,7446300,0,0.17108963
2017-06-23,35.72766876220703,35.83031263182812,35.55396421545427,35.569755811698975,9544800,1,0.77552086
2017-06-26,35.869789123535156,35.9329524948265,35.76714525675542,35.78293685256299,7747100,1,0.92141074
2017-06-27,35.56975555419922,35.8461039685725,35.530278069842744,35.79872918018134,11432200,0,0.036171384
2017-06-28,35.78294372558594,35.92506510321315,35.711883036772335,35.72767463561308,9218800,1,0.91349864
2017-06-29,35.396053314208984,35.71977349857363,35.25393196381095,35.6329212275594,9283500,0,0.06424097
2017-06-30,35.41184616088867,35.62502821214813,35.41184616088867,35.443429356321026,9352800,0,0.25111023
2017-07-03,35.340782165527344,35.74346033970868,35.340782165527344,35.617130581756285,6434500,0,0.04841259
2017-07-05,35.38815689086914,35.5223839526689,35.31709621390197,35.36447100252642,6853600,1,0.64050883
2017-07-06,35.05654525756836,35.41184565936283,34.96969297732909,35.30920479357029,13113000,0,0.10789164
2017-07-07,35.048641204833984,35.15128506280346,34.93020876435106,35.111807582642484,9566000,0,0.19756624
2017-07-10,35.04075622558594,35.19866920013356,34.922320741690356,35.09602531488668,9672000,0,0.16920519
2017-07-11,35.001285552978516,35.11971804800458,34.85916414939519,34.993388246146075,10300700,1,0.57707536
2017-07-12,35.14339828491211,35.348686062333904,35.08812919374614,35.20656468163868,7737400,1,0.89090884
2017-07-13,35.08023452758789,35.159189510718065,35.03285973054606,35.12760932462972,6371900,1,0.5449316
2017-07-14,35.277618408203125,35.30920160033191,35.13549705556259,35.15128865162698,8558700,1,0.81143683
2017-07-17,35.31709671020508,35.364471499495274,35.22235014356374,35.26182762866938,7189200,1,0.8913012
2017-07-18,35.269718170166016,35.41183951098369,35.2302406892586,35.356570435325565,9037200,0,0.12235869
2017-07-19,35.396053314208984,35.40394760614713,35.174973984734855,35.269720547687236,6986900,1,0.96721876
2017-07-20,35.38815689086914,35.51448664859532,35.33288781011012,35.45132327570173,7430300,0,0.20798369
2017-07-21,35.5539665222168,35.585549716755345,35.26972379524826,35.35657607425967,8545600,1,0.91191155
2017-07-24,35.40393829345703,35.569745487994325,35.39604400359541,35.5618511981327,9103600,0,0.17338589
2017-07-25,35.71977996826172,35.7592574589806,35.4829090000695,35.546075394771286,14096300,1,0.9469029
2017-07-26,36.11455154418945,36.15402902468205,34.98547813285659,35.17497124399656,13608900,1,0.9894036
2017-07-27,36.41458511352539,36.65935032719523,36.08297064204259,36.16192560803215,15195200,1,0.969414
2017-07-28,36.32773208618164,36.41458435412223,36.106655776470184,36.31983779452287,11945300,0,0.3510873
2017-07-31,36.193511962890625,36.38300811454392,36.15403447644511,36.319841726679776,13622900,0,0.22033101
2017-08-01,36.082969665527344,36.367212354499486,36.04349218360095,36.29615168225645,10306800,0,0.19832265
2017-08-02,35.99612045288086,36.31984065125141,35.83031320755574,36.00401474516055,10187900,0,0.08612571
2017-08-03,36.059288024902344,36.28036738967928,36.02770784016799,36.043499438504874,14261400,1,0.710732
2017-08-04,35.92506790161133,36.13035267865276,35.901382007474936,36.059291984303854,9523600,0,0.22954439
2017-08-07,36.035587310791016,36.13033384990065,35.92504917984008,35.94084077168138,6226300,1,0.5650561
2017-08-08,36.004024505615234,36.17772910224929,35.964547009636554,36.03560770717413,5747900,0,0.40919927
2017-08-09,35.99612045288086,36.051389534655904,35.79083572227915,35.97243456410272,9635300,1,0.6122513
2017-08-10,36.11455154418945,36.19350650517466,35.893472231941224,35.97243020486513,8901600,1,0.91136944
2017-08-11,35.99612045288086,36.24088568069823,35.980328856382414,36.20930248770133,8357600,0,0.22125082
2017-08-14,36.16193389892578,36.272472081429946,36.01981251800912,36.05929001005495,8421200,1,0.62787783
2017-08-15,36.46985626220703,36.517231051653184,36.16192766065469,36.16192766065469,9638100,1,0.97013915
2017-08-16,36.477760314941406,36.58829849882669,36.41459391732718,36.43828282240232,8087300,1,0.83490103
2017-08-17,36.20930480957031,36.580399821232135,36.20140750484515,36.41458955333561,8477000,0,0.039408896
2017-08-18,36.059288024902344,36.24088989980679,36.02770784016799,36.16193190812237,10879800,0,0.12800962
2017-08-21,36.06718063354492,36.16192719928936,35.972434067800485,36.059283329435125,9429700,0,0.38528824
2017-08-22,36.004024505615234,36.12246000549115,35.95665271521677,36.08298250951248,10536700,0,0.15291347
2017-08-23,35.95664596557617,36.05139254052752,35.87768797650061,36.027706649774515,6528400,0,0.1629238
2017-08-24,35.8539924621582,36.011905385984505,35.7750375062143,35.956636314436075,7534400,0,0.23383413
2017-08-25,35.980316162109375,36.1303317580088,35.97242187261488,36.004002042530864,8807100,1,0.9499789
2017-08-28,35.861900329589844,36.07508240567114,35.830320142419744,36.02771061894617,8024000,0,0.24154831
2017-08-29,35.885581970214844,35.98032853642393,35.72766901857367,35.84610448528931,7762200,1,0.66656
2017-08-30,35.83821105957031,35.9566465391031,35.7592560811747,35.8145251684395,7134900,0,0.30392975
2017-08-31,35.96453857421875,36.04349655959654,35.79873132283416,35.846106114060824,14264600,1,0.8707666
2017-09-01,36.14613342285156,36.161925018179666,35.95664030279198,36.03559526749367,7391200,1,0.9425506
2017-09-05,36.25667190551758,36.264569209222344,36.04349289651078,36.12244786192523,9916700,1,0.93127537
2017-09-06,36.28825759887695,36.35142398511553,36.15403354602859,36.3040491954366,9238900,1,0.86239374
2017-09-07,36.540916442871094,36.572499635405165,36.28825692647658,36.32773441117465,9418400,1,0.93824655
2017-09-08,36.55670166015625,36.61197073147716,36.33562537487263,36.4698494018124,10534900,1,0.8166153
2017-09-11,36.73041534423828,36.78568442935357,36.49354740632429,36.59618827185883,10430300,1,0.91086584
2017-09-12,36.88832473754883,36.912010625466635,36.675142710471754,36.714620194314406,8567600,1,0.9481656
2017-09-13,37.00675201416016,37.0936042736322,36.83305050715459,36.85673639176024,10218000,1,0.822777
2017-09-14,36.696380615234375,36.98288504473577,36.56108550756759,36.927176187433275,13768800,0,0.033682387
2017-09-15,36.7520866394043,36.895338843112015,36.60883443569658,36.84758709657451,16141400,0,0.27986595
2017-09-18,36.696380615234375,36.79984122275544,36.53721115041082,36.72821511538009,8535300,0,0.38507965
2017-09-19,36.592918395996094,36.76004496054255,36.52129229177548,36.72025335506552,7297900,0,0.17778976
2017-09-20,36.43375015258789,36.72821472192373,36.25070633256845,36.41783290268555,11026600,0,0.49703306
2017-09-21,36.13132858276367,36.441707340932496,36.09949408554001,36.37803834648517,7555300,0,0.030187272
2017-09-22,36.20295333862305,36.314371038861935,36.10744985050002,36.17111884258204,8024800,0,0.12458796
2017-09-25,36.36212539672851,36.41783425550364,36.09153821014715,36.210916070896765,9215300,1,0.93349653
2017-09-26,36.266624450683594,36.50537713312441,36.25866734349443,36.362124916478905,6480100,0,0.45920056
2017-09-27,35.526493072509766,36.21091973343606,35.31957486697423,36.18704537323342,14816200,0,0.049373567
2017-09-28,35.74135971069336,35.812985803737014,35.534441572958606,35.55035578394215,8789500,1,0.7444629
2017-09-29,35.82094955444336,35.90053580364741,35.64586587800442,35.70157473449476,10082200,1,0.72956294
2017-10-02,35.65382766723633,36.027875497854986,35.61403605536113,35.852788762517676,10707800,0,0.25139517
2017-10-03,35.96420669555664,36.019915559681195,35.62199336684558,35.70157962695595,12038100,1,0.85645217
2017-10-04,36.21092224121094,36.25867400082867,35.76524825916231,35.90054339345974,14060300,1,0.9777068
2017-10-05,36.226844787597656,36.40988867235212,36.21092753206604,36.21888464187881,10215300,1,0.67342025
2017-10-06,36.20295333862305,36.22682769270149,36.035823752360066,36.123367098520525,5437900,0,0.37582716
2017-10-09,36.13928985595703,36.3302938254169,36.0835809973448,36.250707573181494,5268300,0,0.36507782
2017-10-10,36.505374908447266,36.529252300369784,36.23478774192953,36.29049659657393,6310400,1,0.98576295
2017-10-11,36.68842697143555,36.68842697143555,36.50538311702982,36.51334326142887,6638200,1,0.968782
2017-10-12,36.696380615234375,36.720254972391146,36.56108550756759,36.59292000771331,7710200,1,0.86858267
2017-10-13,36.7520866394043,36.911256091957846,36.72821228408794,36.80779549241232,7126000,0,0.36054614
2017-10-16,37.10226058959961,37.205721199137265,36.688421187354066,36.70433843773718,12708600,1,0.92804366
2017-10-17,37.022666931152344,37.11021026561484,36.855540403126255,37.03062403614701,7699400,0,0.36361644
2017-10-18,36.92717742919922,37.038595147550886,36.79984246023943,36.935134536550706,6272200,0,0.20062587
2017-10-19,37.07838439941406,37.23755385947325,36.86350608371989,36.90329768975845,7515500,1,0.79158086
2017-10-20,36.911251068115234,37.07837760439238,36.83166483471822,37.07042049900487,9646800,0,0.48996148
2017-10-23,36.863502502441406,37.126132541410385,36.79187640416847,36.911254246591575,7153600,0,0.14055559
2017-10-24,36.7520866394043,36.83962999010399,36.56904283153439,36.81575259888284,9539500,0,0.4694681
2017-10-25,36.64862060546875,37.213669194136855,36.553120162459685,36.903290477429145,11994200,0,0.040433474
2017-10-26,36.79187774658203,37.20571710326921,36.783920640218994,36.863503847468365,10569100,1,0.8275236
2017-10-27,36.66454315185547,36.8714643501742,36.53720819746886,36.71229489821474,9988000,0,0.30817196
2017-10-30,36.49742126464844,36.66454784443874,36.465586763001184,36.60883898450864,7201900,0,0.08383269
2017-10-31,36.592918395996094,36.74412771117076,36.48150068629845,36.54516664788072,6560500,1,0.63428503
2017-11-01,36.44967269897461,36.68046830223788,36.31438060900297,36.40988108638915,7067600,0,0.17438176
2017-11-02,36.51333999633789,36.56904885852737,36.40987937974088,36.457631134148414,8317800,1,0.8563728
2017-11-03,36.5849609375,36.7361702512208,36.545166296500696,36.5849609375,4730400,1,0.9341091
2017-11-06,36.187042236328125,36.545169751944826,36.147247591566135,36.53721264453552,7451300,0,0.016717326
2017-11-07,36.561092376708984,36.56905252119349,36.05971256678674,36.1392957961982,9868000,1,0.9212479
2017-11-08,36.7520866394043,36.76004374587482,36.50537383615105,36.59291718685074,7586900,1,0.9886613
2017-11-09,36.79187774658203,36.91921269972387,36.624751189815505,36.70433439706487,6532400,1,0.76199406
2017-11-10,37.038597106933594,37.118180328279074,36.72025814974108,36.76800990409154,8022900,1,0.9000298
2017-11-13,37.181846618652344,37.26142983418578,37.0385944019681,37.08634311692613,7653600,1,0.9413304
2017-11-14,37.74690246582031,37.786694081096435,37.10226736908682,37.1738934909461,17200700,1,0.99082464
2017-11-15,37.253475189208984,37.77077219617648,37.22959779424675,37.65935447270364,12419100,0,0.098403916
2017-11-16,37.04655075073242,37.38876403514946,37.01471625080874,37.3648896781592,12506400,0,0.21061626
2017-11-17,36.3780403137207,36.91125754538549,36.011952683565724,36.879423046440294,19720700,0,0.081438586
2017-11-20,36.17908477783203,36.51334099602568,36.14725027402209,36.33029715297658,19160900,0,0.04978201
2017-11-21,36.43375015258789,36.5690452588053,36.242749225569774,36.25866647547212,10280800,1,0.5714702
2017-11-22,36.481502532958984,36.55312864080525,36.24274985210647,36.52129414045023,8434400,1,0.81651586
2017-11-24,36.51333999633789,36.64863207996796,36.49742274486871,36.52129710411983,2996300,1,0.9302481
2017-11-27,36.52924728393555,36.600873378057166,36.457621189813935,36.51333003680803,5649200,1,0.9278832
2017-11-28,36.47354507446289,36.72821500303961,36.43375043144995,36.60088003875125,8432800,0,0.19085911
2017-11-29,36.21092224121094,36.465592220694255,35.98012662358367,36.4258006056323,16502100,0,0.1323819
2017-11-30,36.724422454833984,36.780588029199805,36.13066816194559,36.21892922474738,17147600,1,0.9899749
2017-12-01,36.88490676879883,36.925024609749826,36.27510456748142,36.74850243661135,12468800,1,0.99201
2017-12-04,37.0935173034668,37.21387387389359,36.72442830999025,36.900950463737615,17523600,1,0.90677637
2017-12-05,37.11759185791016,37.26201853547672,36.95712049243184,37.10956951395429,13670800,1,0.859547
2017-12-06,37.27003479003906,37.29410487679233,37.11758274515011,37.19782146898492,8154000,1,0.9280343
2017-12-07,36.73245620727539,37.16573625337419,36.68431602046121,37.1416661599671,9106500,0,0.080073796
2017-12-08,36.35533905029297,36.6923325477487,36.14672140452015,36.66826245815749,13238600,0,0.10613212
2017-12-11,36.37138366699219,36.43557158730991,36.042409479983974,36.35533592171414,9698700,1,0.76733726
2017-12-12,36.339298248291016,36.52384277894548,36.15475371763655,36.307202748839295,13999300,1,0.61089647
2017-12-13,36.8287353515625,36.94908885537086,36.42755088394546,36.467668718548246,12418700,1,0.9784001
2017-12-14,36.933048248291016,37.04537943120955,36.74850372481126,36.756529129759826,9029000,1,0.95059866
2017-12-15,37.061424255371094,37.24596876428634,36.94107073779764,37.14166299454833,21181600,1,0.80588
2017-12-18,36.85280990600586,37.21387658277435,36.836762158061156,37.06944991206695,10156800,0,0.2705148
2017-12-19,37.01327896118164,37.21387119023084,36.8367568201641,36.941065636292144,8253200,1,0.6526452
2017-12-20,36.97315979003906,37.14967886387658,36.87687331980653,37.07746554159938,7311000,0,0.39044523
2017-12-21,36.58802795410156,37.085498975650765,36.5559355178686,37.02130798159471,9657100,0,0.037491083
2017-12-22,36.58000564575195,36.692336824664025,36.54791014869277,36.66024132760485,5406300,0,0.15249081
2017-12-26,36.75653076171875,36.79664860585726,36.596056324369414,36.66826966813685,6100400,1,0.899404
2017-12-27,36.85280990600586,36.86083224958074,36.68431314377889,36.82873981448627,5660600,1,0.9437563
2017-12-28,36.68429946899414,36.9009393942985,36.620108501143754,36.8367484264481,6538900,0,0.40249586
2017-12-29,36.81269836425781,37.05340850301786,36.660246263099914,36.668271668842685,8371500,1,0.9158377
2018-01-02,36.53989028930664,36.86083609933554,36.5158171344779,36.836766005302074,10872200,0,0.054152586
2018-01-03,36.45964050292969,36.66023272126604,36.37940483991288,36.49976139523243,12635600,0,0.12072419
2018-01-04,36.97315979003906,37.08549094451595,36.467666534098655,36.555927601414616,12709400,1,0.9927933
2018-01-05,36.96513748168945,37.06944630277646,36.74047515392788,36.92501964613127,13113100,1,0.87984735
2018-01-08,36.908973693847656,36.98920936886419,36.81269027166886,36.868855856339394,7068600,0,0.46174088
2018-01-09,37.0935173034668,37.19782612711703,36.86082956639886,36.90897280672852,9962400,1,0.8249985
2018-01-10,36.96513748168945,37.11758648112843,36.852806317808664,37.09351639195245,10700700,0,0.46507877
2018-01-11,36.94106674194336,37.09351573869755,36.79664008784166,37.09351573869755,7583200,0,0.24685605
2018-01-12,37.029327392578125,37.221894221986744,36.933040917079246,37.13363314984339,14570100,1,0.69548726
2018-01-16,37.3342170715332,37.40643038168447,37.02129374780901,37.029319149377976,16459300,1,0.94260025
2018-01-17,37.56691360473633,37.71134025910284,37.35027362318655,37.37434677277738,12143100,1,0.83209825
2018-01-18,37.61506271362305,37.767511734449144,37.39842269826274,37.51075387790251,11952900,1,0.69996554
2018-01-19,37.839717864990234,37.91193118968809,37.60703014531999,37.70331661878013,16187400,1,0.8632779
2018-01-22,38.016239166259766,38.11252257679976,37.78355145172653,37.82366928438533,9577400,1,0.8955448
2018-01-23,38.072410583496094,38.273002838350344,37.81565274214624,37.87984067208625,11463700,1,0.5988079
2018-01-24,38.3773078918457,38.47359130767958,38.09647692620456,38.13659476106912,15964500,1,0.96004313
2018-01-25,38.385345458984375,38.513724417945696,38.2730142524927,38.2730142524927,11755000,1,0.8230653
2018-01-26,38.9389762878418,39.01118963825749,38.30510694618813,38.337199387976305,16671200,1,0.9775195
2018-01-29,38.27299880981445,38.88279785363545,38.176715394641576,38.682205619895115,11662600,0,0.08558508
2018-01-30,38.04030990600586,38.6420865885903,38.03228756365431,38.29706771237833,12404800,0,0.03977465
2018-01-31,38.18474197387695,38.433477473198465,38.008219809145885,38.072410800246246,10960100,1,0.71797824
2018-02-01,38.072410583496094,38.29707292947849,37.79960499446251,38.04031508812864,10279400,1,0.74290323
2018-02-02,37.49469375610352,38.04030478641346,37.414458100208435,37.99216155639997,12912300,0,0.060205813
2018-02-05,36.018348693847656,37.64715700026213,35.633211890100185,37.43052003505031,23261500,0,0.085921906
2018-02-06,35.84182357788086,35.89799222665967,34.85491002514298,35.19992895749788,25184300,0,0.468435
2018-02-07,35.753570556640625,36.50779645851256,35.52890511247813,35.769618306994765,18041600,1,0.6292175
2018-02-08,34.58210372924805,35.80170501369936,34.55803363796908,35.80170501369936,23295300,0,0.05064062
2018-02-09,34.606178283691406,34.87095848087466,33.851949411240525,34.79072279949672,22853100,1,0.6813849
2018-02-12,35.280174255371094,35.488788897971475,34.798750905008156,34.951203009981086,14689000,1,0.9846955
2018-02-13,35.45667266845703,35.63319476647803,35.0554883080775,35.240032746556835,13163200,1,0.8933517
2018-02-14,35.38447189331055,35.45668522618648,35.00736054233165,35.320283964529075,13457900,1,0.77196884
2018-02-15,35.93008804321289,35.97020894765825,35.40052454896403,35.50483339109047,13467300,1,0.9766791
2018-02-16,36.0905647277832,36.62012825503462,35.88195009132466,36.56396265826518,17202300,0,0.45319536
2018-02-20,35.29621505737305,35.970205166550095,35.25609415714511,35.90601417482135,14137300,0,0.05228085
2018-02-21,34.77467346191406,35.51285149140172,34.7666511184609,35.392497974834775,12792900,0,0.068370014
2018-02-22,34.91910934448242,35.15981950192705,34.6783991870378,34.84689599116946,12377800,1,0.55276906
2018-02-23,35.336334228515625,35.352381977052595,34.83886320625468,34.96724519455046,8277200,1,0.92821074
2018-02-26,35.32830810546875,35.61716145167045,35.1517889967416,35.48878252678025,12713300,1,0.8718264
2018-02-27,34.99933624267578,35.55297283246011,34.99933624267578,35.42459391005119,12774400,0,0.35481012
2018-02-28,34.67838668823242,35.23202015689372,34.67838668823242,35.167832233081135,11929400,0,0.049836736
2018-03-01,34.846885681152344,35.01538243543151,34.357440104707784,34.58210244374668,17746800,1,0.9358233
2018-03-02,35.07957077026367,35.14375869336377,34.69443404927932,34.702456391868864,14050100,1,0.941843
2018-03-05,35.21597671508789,35.256094554973565,34.90305327886663,34.95921886686558,11992700,1,0.9072722
2018-03-06,35.24807357788086,35.34435700949839,34.975267970968616,35.2641213266163,10010500,1,0.8878846
2018-03-07,35.159828186035156,35.24006390473551,34.87900010978746,34.97528358438718,10881700,1,0.6635233
2018-03-08,35.66530227661133,35.67332461977488,35.14376120793134,35.22399994354084,12361100,1,0.9832865
2018-03-09,35.962181091308594,35.962181091308594,35.61716215000246,35.76158882593503,9778600,1,0.95997983
2018-03-12,35.729496002197266,36.17882381213938,35.569024626527856,36.06649262485267,11857700,0,0.2095375
2018-03-13,35.76158142089844,35.9701990477344,35.62518017787022,35.8418170861157,11342100,0,0.30809548
2018-03-14,35.43781280517578,35.963957917999956,35.39734081676195,35.92348592958612,15321200,0,0.21518756
2018-03-15,35.34877395629883,35.61589464831233,35.25164056275524,35.51876125476874,12456700,0,0.08645765
2018-03-16,35.17878341674805,35.63207765142567,35.170690255331635,35.3730532566997,26603300,0,0.04499848
2018-03-19,35.01689147949219,35.38114548996209,34.95213692641658,35.17878249390262,12380300,0,0.3327974
2018-03-20,34.93594741821289,35.19497180541741,34.81452838579203,35.06545961181515,13559800,0,0.45643127
2018-03-21,34.80643844604492,35.170692489205976,34.63645425517461,34.911668078028015,13054000,1,0.61382914
2018-03-22,34.61216354370117,35.10592972040875,34.56359840357525,34.709299999581226,12274100,0,0.091131456
2018-03-23,34.26409912109375,34.935942567174536,34.231720305235584,34.660728808007825,13475200,0,0.028524319
2018-03-26,34.555503845214844,34.6526403058461,34.199346086342985,34.49074929260826,11276100,1,0.90820575
2018-03-27,34.71739959716797,35.057371080152926,34.425996351127914,34.5636048118978,11627000,1,0.9358897
2018-03-28,35.065452575683594,35.37304513169868,34.806428240454146,34.806428240454146,16277400,1,0.96426743
2018-03-29,35.15449905395508,35.55112878725658,35.04117627301179,35.24353926407172,10450500,1,0.73272413
2018-04-02,34.539306640625,35.211153113211495,34.37741875173464,35.162584893856256,14207900,0,0.07375763
2018-04-03,35.114017486572266,35.243529641978995,34.67691280414456,34.79023555414877,15484600,1,0.88908297
2018-04-04,35.810150146484375,35.939662315152106,34.895468718373344,34.919751285056776,13563300,1,0.9818912
2018-04-05,35.939666748046875,36.10965091142451,35.567316515363515,35.842530293704755,11707800,1,0.98520964
2018-04-06,35.551124572753906,36.036797546410845,35.3811404214902,35.842527739385304,11495100,0,0.27829435
2018-04-09,35.47828674316406,35.86682337753815,35.43781166823399,35.64017469162558,11913400,0,0.30849305
2018-04-10,35.607791900634766,35.76158665633198,35.38923950812983,35.672546449628406,10379500,1,0.63919115
2018-04-11,35.607791900634766,35.72920783792812,35.42161523871961,35.46209030563148,8424300,0,0.31423414
2018-04-12,35.640167236328125,35.947759832128476,35.57541268805197,35.68064230279152,8476400,1,0.810365
2018-04-13,36.02870178222656,36.17440336749826,35.72920545152979,35.76967742792441,10774200,1,0.9864288
2018-04-16,36.16630554199219,36.336289673610395,35.939660033167904,36.142022976850576,8962100,1,0.75940406
2018-04-17,36.32819747924805,36.44961339599394,36.1420239366535,36.38485885795884,8406400,1,0.8933317
2018-04-18,36.02870178222656,36.40105199337305,35.88300328476873,36.34439060885782,7429000,0,0.17275363
2018-04-19,35.866825103759766,35.996337321451044,35.63208324425219,35.89110767963474,10370400,0,0.23349956
2018-04-20,35.40542984008789,35.947761167323726,35.27591765091111,35.86681720701855,14690700,0,0.06106124
2018-04-23,35.59969711303711,35.60779336187736,35.259728769287484,35.405430370269954,11878500,1,0.7994752
2018-04-24,34.863094329833984,35.69682882847983,34.58788055050224,35.599695461602174,18523900,0,0.09051825
2018-04-25,34.345054626464844,34.717401870648345,33.924139142155944,34.59598590205714,20774700,0,0.1897119
2018-04-26,34.60407257080078,34.88737953216115,34.20743973708197,34.32076560944041,13561000,1,0.9018146
2018-04-27,35.05736541748047,35.08164798812332,34.57169238992426,34.58788179962422,9777900,1,0.94364035
2018-04-30,34.97642517089844,35.364961815814205,34.78215839234794,35.21116702547716,16037700,1,0.7650678
2018-05-01,34.47455596923828,34.798337958960936,34.14268081928881,34.774052302652706,11514200,0,0.26697138
2018-05-02,34.04553985595703,34.47454827191059,33.948403428040095,34.320753559428596,13736400,0,0.044985335
2018-05-03,33.907936096191406,34.320758251746206,33.608439788700224,34.17505667776376,18352200,0,0.110723734
2018-05-04,34.28838348388672,34.40170625750827,33.81080673232875,33.826996141105255,10946200,1,0.9404594
2018-05-07,34.11031723022461,34.393627369660244,33.964615578586915,34.272208297357075,9336000,1,0.5997957
2018-05-08,33.84319305419922,34.069838651698234,33.746056580001344,33.972705265315035,15062200,0,0.13448392
2018-05-09,33.818904876708984,34.183158908325595,33.72986465922332,33.97270273884403,9295200,0,0.17076024
2018-05-10,34.1426887512207,34.28839037166349,33.94841889469211,33.98889396867092,7924200,1,0.8830969
2018-05-11,34.11031723022461,34.37743795416547,34.02937324056602,34.19126430769848,6331900,1,0.5918435
2018-05-14,34.029361724853516,34.256007289451766,33.91603894255439,34.199345898302205,10715500,0,0.21397814
2018-05-15,33.77033233642578,33.9322202369721,33.55177996531172,33.81889747146417,16449700,0,0.21909657
2018-05-16,33.632728576660156,33.94841434941486,33.62463541563674,33.7865264264329,11590500,0,0.033296034
2018-05-17,34.23981857299805,34.280290554951215,33.89175397013505,34.00507675472964,14857400,1,0.97836226
2018-05-18,34.1426887512207,34.30457978369209,34.06174477889231,34.23982213557769,11950200,1,0.6924246
2018-05-21,34.328857421875,34.417897631322404,34.21553464178346,34.247913461185085,9110200,1,0.847448
2018-05-22,34.19933319091797,34.48264004139797,34.166954382916515,34.40169610920742,8222900,0,0.17027867
2018-05-23,34.320770263671875,34.361242251095426,33.94032678869813,34.19935121358651,8971400,1,0.5038629
2018-05-24,34.25600051879883,34.37741952601486,34.15077091839917,34.32075814606434,9269600,0,0.31557032
2018-05-25,34.320770263671875,34.46647188864842,34.15887922616296,34.27220202607479,8806500,1,0.66625166
2018-05-29,34.54740524291992,34.68501057542026,34.077921687254346,34.094111094809755,14826900,1,0.9613061
2018-05-30,34.91166687011719,35.033082821760296,34.563602250674286,34.62026364567062,10114200,1,0.9798676
2018-05-31,34.80643844604492,34.97642263691523,34.54741403486696,34.968329474984785,15571300,0,0.44414264
2018-06-01,34.903568267822266,35.06545928024787,34.83881371554057,34.88737885779828,10664700,1,0.5868368
2018-06-04,35.20307159423828,35.28401556544862,35.04118056400303,35.09784196141318,11727600,1,0.9626653
2018-06-05,34.89547348022461,35.24353805998123,34.88737723168287,35.21115924144246,9975900,0,0.047526147
2018-06-06,35.17878341674805,35.17878341674805,34.838815056600595,34.85500446724776,9202900,1,0.7659682
2018-06-07,35.162593841552734,35.39733566311662,35.0735567151315,35.0735567151315,11948100,0,0.36814648
2018-06-08,35.57541275024414,35.61588472896425,35.25972699328766,35.26782015390606,12078800,1,0.9819257
2018-06-11,35.72111129760742,35.81824465581499,35.5268414933785,35.575409716389174,7526100,1,0.84896886
2018-06-12,35.9477653503418,35.9558585121884,35.68064778000057,35.721119764862635,8243300,1,0.9451567
2018-06-13,35.76158905029297,36.036802849521045,35.73730647877158,35.899194405999864,16745000,0,0.20289403
2018-06-14,35.590091705322266,35.81058745757382,35.54109091853591,35.728922594911374,12696200,0,0.08144713
2018-06-15,36.03108596801758,36.05558791882532,35.48392453990982,35.57375775713701,21562500,1,0.98967093
2018-06-18,35.565582275390625,35.9004131264007,35.443085007156206,35.83508187307184,12161900,0,0.06643009
2018-06-19,35.60642623901367,35.72892666226752,35.27976363586205,35.36142850782116,12936400,0,0.3383651
2018-06-20,35.32875442504883,35.75341853013506,35.30425559130054,35.622752891286574,10893700,0,0.047144998
2018-06-21,35.189918518066406,35.36141656042641,35.08375172813749,35.33691773017902,10465200,0,0.059407473
2018-06-22,35.320579528808594,35.45124513193267,35.181748688439,35.238914695098686,14924400,1,0.7702013
2018-06-25,35.590091705322266,35.728922594911374,35.24709242844741,35.24709242844741,12092400,1,0.9564748
2018-06-26,35.38592529296875,35.8024210636285,35.34508974763872,35.57375696329097,13974700,0,0.18450993
2018-06-27,35.17359161376953,35.61458933395533,35.10826034891685,35.38592523399886,15332600,0,0.025192639
2018-06-28,35.5002555847168,35.6717536514752,35.25525478613101,35.312423923698375,12668900,1,0.92921674
2018-06-29,35.81875228881836,36.01474918604999,35.36958935773848,35.5819198489585,11485600,1,0.95396614
2018-07-02,35.728919982910156,36.0637508798517,35.590089103470426,35.75341881685491,9232500,0,0.25724992
2018-07-03,35.924922943115234,36.20258784005354,35.924922943115234,35.98208897054534,8214300,1,0.6092416
2018-07-05,36.472076416015625,36.48024165444457,36.03924712705559,36.0637459576566,11653000,1,0.99147063
2018-07-06,36.455753326416016,36.700751048950224,36.40675565109821,36.48025216407491,8733900,1,0.6253316
2018-07-09,36.25974655151367,36.52924303854979,36.21074577418246,36.37407858330561,7373100,0,0.091939285
2018-07-10,36.725242614746094,36.74974144547588,36.34141098497059,36.349576223442455,10606100,1,0.98609376
2018-07-11,36.5782470703125,36.7497451332589,36.45574667374251,36.74157989396766,7715600,0,0.34314844
2018-07-12,36.48023986816406,36.71707227009103,36.33324377644161,36.61090859914226,6331600,0,0.0669688
2018-07-13,36.53741836547851,36.57008244128561,36.316919498377885,36.50475117435661,5585900,0,0.40554872
2018-07-16,36.52924728393555,36.586413306475286,36.36591445583005,36.52924728393555,5831400,0,0.34744644
2018-07-17,36.95390701293945,37.06823904447396,36.48841053294082,36.54557654870808,11592200,1,0.94356924
2018-07-18,36.84774398803711,36.986577980036465,36.61907990158467,36.904910009650216,7351600,1,0.502965
2018-07-19,36.839576721191406,37.100907981415986,36.68440914365444,36.74157827743578,10097500,0,0.26744834
2018-07-20,36.978416442871094,36.978416442871094,36.6680874441331,36.76608591134956,8588400,1,0.6935761
2018-07-23,36.70890808105469,37.04373892546941,36.56190886981758,36.97840455811332,9055700,0,0.098234974
2018-07-24,36.96207427978515,36.97024263409398,36.43124651634364,36.57007738644985,13786100,1,0.7913198
2018-07-25,37.63991165161133,38.04007697653151,37.36224674246456,37.56641202521027,21330600,1,0.934668
2018-07-26,37.76240921020508,38.04823933829659,37.72974201976183,37.86040766622006,12673100,1,0.88675064
2018-07-27,37.7379035949707,37.9747360297132,37.615406315676424,37.82773680230851,10516900,1,0.73528373
2018-07-30,37.754241943359375,37.925740025158426,37.60724269744166,37.64807512901551,8967900,1,0.72055143
2018-07-31,38.08089828491211,38.113562352969424,37.819567048569155,37.89306665349774,12438800,1,0.94173616
2018-08-01,37.88490295410156,37.966570922562816,37.70523653880125,37.93390373517831,9904100,0,0.24891554
2018-08-02,37.713401794433594,38.080899834026184,37.713401794433594,37.958399449057254,12009700,0,0.14794652
2018-08-03,38.07273864746094,38.187070700120934,37.68074170320606,37.75424132496102,11462800,1,0.9846491
2018-08-06,38.09724044799805,38.27690376633452,38.015572471195306,38.05640490193929,10056100,1,0.8928521
2018-08-07,37.9747428894043,38.06457611296942,37.67257914085208,37.99107648599023,8632900,0,0.2140124
2018-08-08,37.68890380859375,38.02373467099336,37.66440186186208,37.966568654143245,6810000,0,0.049237344
2018-08-09,37.85224151611328,37.90940754506191,37.63174575606281,37.77057665056236,8924100,1,0.85905427
2018-08-10,37.631736755371094,37.90939847795955,37.54190355556227,37.737900432132264,7535400,0,0.10373032
2018-08-13,37.427581787109375,37.67257950765377,37.32141496592462,37.60724512067391,8143400,0,0.12866698
2018-08-14,37.4765739440918,37.64807201169051,37.460240349751736,37.49290753843185,6846100,1,0.84447443
2018-08-15,37.631736755371094,37.688902770646855,37.28057230992615,37.378570748211146,9686400,1,0.9409225
2018-08-16,37.74607467651367,37.8767403197232,37.541909414291624,37.65624146268562,10600700,1,0.94966
2018-08-17,38.056396484375,38.162563273078504,37.76240117885728,37.80323360056968,8885700,1,0.95288277
2018-08-20,38.162559509277344,38.276891524921645,38.04822749363305,38.121727091592064,6392000,1,0.9057153
2018-08-21,37.74607467651367,38.17890403552373,37.73790632144858,38.16257044070821,13986300,0,0.09412656
2018-08-22,37.50924301147461,37.87674111424608,37.50107465623817,37.844073923929784,7159100,0,0.066146106
2018-08-23,37.321414947509766,37.631747054880904,37.31324659148379,37.476579443537815,13144900,0,0.15208885
2018-08-24,37.26424407958984,37.403074960860366,37.22341165070525,37.28057767420661,10952900,0,0.28508535
2018-08-27,37.31324768066406,37.60724619988016,37.20708397174779,37.60724619988016,9581200,1,0.7082352
2018-08-28,37.051910400390625,37.34590887235131,36.97841078240045,37.280577609312616,8476800,0,0.29167837
2018-08-29,37.01923751831055,37.09273400349861,36.92940432710662,36.95390315550264,12410900,0,0.3608461
2018-08-30,36.70890808105469,37.01107174179137,36.659907305537615,36.97840455811332,9716500,0,0.026112923
2018-08-31,36.39857864379883,36.80690912274233,36.25157942215402,36.74974310491539,19834100,0,0.087098405
2018-09-04,36.55375289916992,36.668088080775206,36.34958760499036,36.42308723550761,11138500,1,0.8370213
2018-09-05,37.060062408447266,37.09272646790144,36.472065723886494,36.472065723886494,10554900,1,0.9915827
2018-09-06,37.37856674194336,37.56639835990522,36.99473515310476,37.07640310568417,11439400,1,0.9685299
2018-09-07,37.33773422241211,37.419399059456985,36.978401462661445,37.23973267958165,10208100,0,0.37014863
2018-09-10,37.61540603637695,37.819571282332575,37.40307243600703,37.49290564267781,8568900,1,0.9140847
2018-09-11,37.582740783691406,37.68890758934066,37.468408738522015,37.64807204579623,9278300,1,0.52449685
2018-09-12,37.76240921020508,37.8114068805552,37.58274277808198,37.69707482931859,13216400,1,0.92584217
2018-09-13,37.74593734741211,37.98478116066821,37.64710217453343,37.8941838231029,8294800,0,0.4868901
2018-09-14,37.87771224975586,37.91065416366702,37.56474050399905,37.820056831331094,7612900,1,0.77314985
2018-09-17,38.14949798583984,38.157735820004184,37.81181904680499,37.885943845218165,8527300,1,0.9707648
2018-09-18,37.82830047607422,38.32246382058613,37.82830047607422,38.20715924965428,9847400,0,0.085560225
2018-09-19,37.852996826171875,37.97653919771499,37.77887203160861,37.885941877491774,7119000,0,0.46759233
2018-09-20,38.413055419921875,38.44600047577752,38.00948948203724,38.0671417588779,9736700,1,0.9919226
2018-09-21,38.363643646240234,38.45423784342415,38.198921497318594,38.41305809164716,19240300,1,0.71140903
2018-09-24,37.9435920715332,38.322450715555945,37.75416274952183,38.28950880785042,10778900,0,0.027522761
2018-09-25,37.62239837646485,38.03420220883262,37.56474609127847,37.935370168772245,7919100,0,0.028029285
2018-09-26,37.76240539550781,37.94360006421401,37.53179628392793,37.69651842440506,10162600,1,0.5845365
2018-09-27,37.89418411254883,38.034199037622955,37.622395239590496,37.66357499103101,10826900,1,0.9582015
2018-09-28,38.042423248291016,38.042423248291016,37.861231763518774,37.885938979212085,9071900,1,0.9493763
2018-10-01,38.07537460327149,38.17420662422642,37.927125000932435,38.02595702188737,9364700,1,0.88645923
2018-10-02,38.30599212646485,38.34717502425151,37.93537118089672,38.11656273553932,7462700,1,0.9875689
2018-10-03,37.77888488769531,38.33893838346674,37.72123259917303,38.26481356367893,10542300,0,0.05479341
2018-10-04,37.76240539550781,37.80358828698723,37.41649172813799,37.605921090051964,9582300,0,0.41855893
2018-10-05,37.78711700439453,38.017726123576345,37.630629551966635,37.83653144889714,8734100,1,0.8944509
2018-10-08,38.281280517578125,38.36364316190597,37.86124202785384,37.87771455671941,9808100,1,0.9902226
2018-10-09,38.207149505615234,38.338926573332,38.06713774570942,38.19891481342618,10824500,1,0.79540944
2018-10-10,37.62239837646485,38.46247857151277,37.6141605404017,38.13303424889299,13917000,0,0.04446716
2018-10-11,36.765846252441406,37.86124597252656,36.65054168018275,37.721231033488216,17677900,0,0.021665882
2018-10-12,36.79877471923828,36.963496808961104,36.444623325968614,36.634052629515466,12420100,0,0.3319308
2018-10-15,36.98820877075195,37.28470794195044,36.72465465008951,36.76583439235309,11608500,1,0.8630769
2018-10-16,37.46590805053711,37.55650224002443,36.94703442515058,37.07881150472979,10442500,1,0.92563236
2018-10-17,37.77064514160156,37.87771500960112,37.35884134047955,37.40002109222902,11055800,1,0.9887523
2018-10-18,37.56473922729492,37.95183576436921,37.4411968434332,37.80358616046048,12716900,1,0.7585832
2018-10-19,38.1577262878418,38.28950332523348,37.74592265326623,37.74592265326623,13989200,1,0.9856493
2018-10-22,37.861236572265625,38.2648024749728,37.72945950214303,38.19067767666552,14283600,0,0.41869387
2018-10-23,38.18245697021485,38.26481649102907,37.43297402027381,37.57298583402085,17483900,1,0.9890752
2018-10-24,38.487186431884766,39.030767373917655,38.08362042891321,38.157745245636505,21626000,0,0.45855597
2018-10-25,38.30599212646485,38.49542465920436,37.98478563133834,38.42129984172794,14220200,0,0.39626256
2018-10-26,37.82006072998047,38.281282132229165,37.4164947520999,38.19068479055409,21458000,0,0.1655729
2018-10-29,38.26479721069336,38.34715983182218,37.92711831859707,38.00948093972588,20932200,1,0.9465569
2018-10-30,39.22842788696289,39.3190252187691,37.91889177679454,38.396582514754435,20895400,1,0.99069715
2018-10-31,39.43433380126953,39.59905595394958,38.89075289669499,39.12136202535881,25309400,1,0.98366493
2018-11-01,39.31902313232422,39.656702079074606,38.956633824329394,39.37667540553917,16494500,1,0.6818251
2018-11-02,39.53315734863281,39.53315734863281,39.071936048512725,39.384907757230394,17584900,1,0.9276966
2018-11-05,40.1014518737793,40.17557668153101,39.467273661195414,39.53316377555853,16543500,1,0.9810774
2018-11-06,40.447364807128906,40.46383733413813,40.027323222926995,40.06850611135668,14373400,1,0.9328719
2018-11-07,40.66149139404297,40.809740958924024,40.381464787246806,40.67796391700893,12239700,1,0.88412553
2018-11-08,40.62856674194336,40.66150866005081,40.439134218302854,40.4556067482635,9762800,0,0.4773088
2018-11-09,40.91682434082031,41.08978117653526,40.65327016968891,40.677977391415745,12398100,1,0.7806595
2018-11-12,41.07329177856445,41.37802871649764,40.8015030257572,40.85915528065002,13918300,1,0.62201715
2018-11-13,41.065067291259766,41.18037182969282,40.834458214393656,41.02388754779268,13872900,0,0.3898046
2018-11-14,40.98270034790039,41.13094992222478,40.84268860648997,41.05682513506259,12106800,0,0.4795323
2018-11-15,40.96623992919922,40.97447462210225,40.579143384675454,40.90034981872139,12080100,0,0.31882322
2018-11-16,41.32038116455078,41.38627126368752,40.87563556262922,40.90034277889907,13405800,1,0.9900427
2018-11-19,41.60041427612305,41.806316155248574,41.38627770423037,41.4356952862733,13575800,1,0.89743924
2018-11-20,40.66974639892578,41.87221280686005,40.5297314655012,41.8557402769387,16255300,0,0.030691195
2018-11-21,40.134395599365234,40.71915620677535,40.019091044868986,40.54619937503097,13559200,0,0.030303907
2018-11-23,40.37324523925781,40.54620208255159,39.98614865890288,40.15087080853138,4792500,1,0.829712
2018-11-26,40.24969100952149,40.54619016332923,40.08496890831576,40.36499553782166,9341900,0,0.1639728
2018-11-27,40.66149139404297,40.69443643997487,40.13438322638255,40.25792557772093,9180700,1,0.91950226
2018-11-28,40.941532135009766,40.949769970242926,40.529728344132224,40.529728344132224,11368700,1,0.9938199
2018-11-29,40.659297943115234,41.03285276683888,40.65099813221387,40.90833343671163,11564300,0,0.46145797
2018-11-30,41.83806991577149,41.912780879311214,40.66760026475443,40.67590007552192,25538200,1,0.9869322
2018-12-03,41.24867248535156,41.472805324172015,40.584576944396886,41.39809437789853,14877200,0,0.3047534
2018-12-04,41.1573600769043,41.92936893158947,41.09094894245639,41.481106440694866,19059900,0,0.17823526
2018-12-06,40.9913444519043,41.19887454285833,40.393656776626166,41.09925781920672,17674900,0,0.39819705
2018-12-07,40.75060272216797,41.240373790601346,40.57627823170627,41.14906005750501,15565700,0,0.3540117
2018-12-10,40.8751220703125,41.04944656096798,40.235929104585,41.04944656096798,12331100,1,0.50302017
2018-12-11,41.12416076660156,41.514315157543706,40.82531694943215,41.16566614861783,18083600,1,0.9421022
2018-12-12,40.858524322509766,41.52261996401249,40.833618558876175,41.46451179329711,12316900,1,0.5826439
2018-12-13,41.06605911254883,41.182275467292264,40.31894945111507,40.443468783573415,13766200,1,0.83877623
2018-12-14,40.958133697509766,41.10755559743239,40.69249546801566,40.86681996237289,13835900,1,0.5871402
2018-12-17,40.11971282958984,41.11585458700492,39.862374414485075,40.9581328809676,18482700,0,0.044489298
2018-12-18,40.11141204833984,40.534775168395186,39.721254499790334,40.35214769177072,14765700,0,0.108951315
2018-12-19,39.76276397705078,40.47666478116969,39.530328137733825,40.0450050081332,17903800,0,0.07021369
2018-12-20,39.46391296386719,39.953683982419946,39.09865806868115,39.68804578591578,21130000,0,0.41876656
2018-12-21,39.48881149291992,40.468353429258094,39.20657054233678,39.23147313111692,32477700,1,0.65987635
2018-12-24,38.152320861816406,39.73785020202708,38.04440752364506,39.53032016709554,10733700,0,0.037999753
2018-12-26,38.96583938598633,38.98244216927704,37.903286588637904,38.085914038178586,14342600,1,0.9247874
2018-12-27,39.45561218261719,39.47221496665391,38.21043187977853,38.79981962978169,16966500,1,0.9655376
2018-12-28,39.18168258666992,39.85407806810638,39.040560475345345,39.75446450912653,13218200,0,0.48594072
2018-12-31,39.306190490722656,39.463915356536496,38.98244411702076,39.422409979564485,10576300,1,0.80141723
2019-01-02,38.95754623413086,39.19828188299364,38.65040260741561,38.965846043865795,11603700,1,0.63095057
2019-01-03,38.7168083190918,39.322795727317654,38.625494584063965,38.86623021883598,14714400,0,0.16465917
2019-01-04,39.48881149291992,39.48881149291992,38.71679957416769,38.80811328857058,13013700,1,0.9550835
2019-01-07,38.974151611328125,39.63824726729148,38.93264622657877,39.48882534886749,13135500,0,0.2698824
2019-01-08,39.414100646972656,39.48881158013487,39.04884895521114,39.22317341037072,15420700,1,0.9167971
2019-01-09,38.65869903564453,39.24808364165865,38.542482709574976,39.08206212822064,18032500,0,0.034739207
2019-01-10,39.07376480102539,39.090367588100754,38.467777322734946,38.733415582625064,15976600,1,0.918337
2019-01-11,39.297889709472656,39.31449249318205,38.99074612749201,39.25638433352779,11088600,1,0.9740053
2019-01-14,39.140174865722656,39.34770494843241,39.00735573945472,39.223185632143455,11514300,1,0.5526735
2019-01-15,39.48881149291992,39.51371408170007,38.85792163278765,38.924329591753626,11342900,1,0.99366426
2019-01-16,38.949241638183594,39.40581032106201,38.899436448529606,39.34770215536068,16907800,0,0.14968131
2019-01-17,39.065460205078125,39.13186817858639,38.91603830636273,38.94924070978813,12044600,0,0.2837166
2019-01-18,39.522029876708984,39.58843785721777,39.115269516958186,39.22318604777498,12760700,1,0.98497283
2019-01-22,39.613338470458984,39.67144663334599,39.18997537895953,39.596735685825934,11700400,1,0.9787083
2019-01-23,40.06990051269531,40.0865032958981,39.555226900037326,39.69634580727536,12058300,1,0.98138374
2019-01-24,39.588436126708984,39.937088300777475,39.33110085933175,39.937088300777475,10272000,0,0.09781904
2019-01-25,39.322792053222656,39.87067124554149,39.21487870977936,39.746155118493725,12066500,0,0.08882631
2019-01-28,39.156776428222656,39.26469296324957,38.965849122656834,39.19828498015003,9966900,0,0.17511784
2019-01-29,39.34770202636719,39.53862930828246,39.12356917368643,39.181677339197265,11998600,1,0.8957399
2019-01-30,39.72956085205078,39.75446344946748,39.17337856536762,39.22318692685888,12952500,1,0.9795537
2019-01-31,39.95369338989258,40.49326971817751,39.40581408476727,39.721257538229416,32181500,1,0.53317523
2019-02-01,40.42685317993164,40.493261147309504,40.177817760614616,40.24422572799248,19130100,1,0.98645836
2019-02-04,40.883419036865234,41.04944370689461,40.29403446658531,40.42685356927737,15105700,1,0.98645884
2019-02-05,40.89173126220703,41.06605896033419,40.758912119184245,40.94984260602153,12651900,1,0.80751824
2019-02-06,40.89173126220703,40.97474520575762,40.692504131001925,40.85022587376081,8689100,1,0.6371127
2019-02-07,41.02454376220703,41.05774933425035,40.675894755725054,40.817013686922714,10047800,1,0.9838352
2019-02-08,41.09095001220703,41.09095001220703,40.76720363998814,40.983033499248315,9813300,1,0.97393405
2019-02-11,41.1822624206543,41.40639524807862,41.07434591115581,41.14905685363058,9369300,1,0.52538794
2019-02-12,41.223777770996094,41.33999411704272,41.0577530623618,41.24868036896096,10983300,1,0.6115809
2019-02-13,41.331695556640625,41.45621171688876,41.140768244267065,41.18227363101644,12748800,1,0.8744758
2019-02-14,37.845184326171875,38.98244824216891,37.77047337305338,38.766618359080816,58905400,0,0.018441854
2019-02-15,37.55463790893555,38.40135769623655,37.5214323421159,38.10251709483116,35701600,0,0.032329835
2019-02-19,37.21430206298828,37.84519222470379,37.16449369496142,37.62105931857033,25511300,0,0.06694497
2019-02-20,37.43841552734375,37.55463500221716,37.18938012878595,37.28069384714375,27464000,1,0.62930286
2019-02-21,38.06932067871094,38.11082606388355,37.3222110789723,37.35541665377355,23121200,1,0.9714679
2019-02-22,37.58784866333008,38.144030947875606,37.52144068158817,37.9863060537551,24728400,1,0.65458465
2019-02-25,37.30559539794922,37.82857193701424,37.22258465629431,37.7206554395374,23774400,0,0.024399338
2019-02-26,37.09807205200195,37.47162678997427,37.07316945835626,37.438421220675096,20463200,0,0.042663846
2019-02-27,37.30559539794922,37.37200652459859,36.87393257469869,37.02335444300299,17827500,1,0.8899687
2019-02-28,37.63765335083008,37.86178620481496,37.44672606780389,37.455025877214794,22533900,1,0.96581393
2019-03-01,37.67085266113281,37.886682503179706,37.52143078330919,37.745563600044626,16291600,1,0.892249
2019-03-04,37.894989013671875,37.91158863128376,37.604445038946864,37.795372308056685,15973800,1,0.9644038
2019-03-05,37.85348129272461,37.93649521587559,37.6874597797374,37.894989837628785,13062300,1,0.7359043
2019-03-06,37.72896957397461,38.01121061240811,37.720666597359,37.91159389296728,14232100,0,0.07845948
2019-03-07,37.58784866333008,37.79537875209256,37.463332510067296,37.762176344550525,12084000,0,0.16753715
2019-03-08,37.22258758544922,37.56293671966833,37.03166033129284,37.47992597148106,15579100,0,0.1849067
2019-03-11,38.3349494934082,38.38475784333124,37.438418194736265,37.47162376135162,22126900,1,0.9932783
2019-03-12,38.227027893066406,38.39305253737016,38.10251178483112,38.14401715424288,19348500,1,0.7639254
2019-03-13,38.36815643310547,38.46776996985929,38.110818032612755,38.2934454888758,16222500,1,0.9042025
2019-03-14,38.26767349243164,38.61099384321459,38.20905805651516,38.3849043642646,18504100,0,0.45508903
2019-03-15,37.932716369628906,38.435138379037134,37.79873780598023,38.28441209564476,47254500,0,0.13328248
2019-03-18,38.02483749389648,38.25092698000615,37.98296978038768,38.04158521816037,24006400,0,0.38492483
2019-03-19,38.15043640136719,38.25929179643708,37.96621466463173,38.142060943714945,14987000,1,0.90118057
2019-03-20,38.12532043457031,38.43514854028785,37.83224324732591,38.01646501890912,13376100,1,0.8096922
2019-03-21,38.10857009887695,38.31791184522044,38.0499546654449,38.125317821900616,20043000,1,0.7908165
2019-03-22,38.46027374267578,38.61100008634718,38.06671015705575,38.06671015705575,19055900,1,0.9549248
2019-03-25,38.54399871826172,38.68635275722312,38.34303244411793,38.40164787360165,11668200,1,0.7428868
2019-03-26,39.0547981262207,39.18040445959313,38.66123459633541,38.66123459633541,11434900,1,0.9869529
2019-03-27,39.02967834472656,39.280887818504944,38.79521659510697,39.06317379304415,11543600,1,0.7122081
2019-03-28,39.00456237792969,39.28926413508336,38.92082374850028,39.08829781305699,11121100,1,0.6002554
2019-03-29,39.23902130126953,39.28088901579177,38.92082092115718,39.079919514062425,16045600,1,0.96981156
2019-04-01,39.12178039550781,39.49859292392826,39.01292181021026,39.347869829140706,11522700,0,0.138577
2019-04-02,38.99618148803711,39.29763412340472,38.99618148803711,39.146907805720915,8495000,0,0.24937165
2019-04-03,38.66960525512695,39.01292557018359,38.552374395493175,38.87057153041304,12854500,0,0.08437288
2019-04-04,38.92081832885742,38.9710614995188,38.61099342886635,38.803587458282514,7814900,1,0.8999503
2019-04-05,38.91244888305664,39.00455977212422,38.68635939015493,38.92919660782365,7677600,1,0.78130895
2019-04-08,38.97943878173828,38.99618650744792,38.74497701040758,38.9710665160345,9421300,1,0.9076449
2019-04-09,39.07992172241211,39.12179263360227,38.7449767930051,38.89570312924397,8641800,1,0.9808523
2019-04-10,39.0547981262207,39.35625077087312,38.98781042424336,39.22227217261669,8059900,0,0.37301537
2019-04-11,39.11341094970703,39.14690639560837,38.971060096078645,39.12178640833313,7352400,1,0.6096791
2019-04-12,39.13853454589844,39.29763312416291,38.99618049646049,39.079915917799354,10690000,1,0.72238463
2019-04-15,39.35624694824219,39.38974239312836,39.1050375001988,39.25576380788512,10261300,1,0.9743925
2019-04-16,39.31438446044922,39.439987604000976,39.1050426935611,39.39811988948372,10804600,1,0.5123042
2019-04-17,39.5907096862793,39.816799153590466,39.4818542790677,39.52372198909535,11849300,1,0.7160601
2019-04-18,39.7581787109375,39.8419173147428,39.58233243439805,39.63257559668123,12167000,1,0.935407
2019-04-22,39.69119644165039,39.867042742199985,39.372996092345254,39.69119644165039,9834700,1,0.5120469
2019-04-23,40.36946868896485,40.79652771532546,39.81680650931742,40.26898552747498,25327800,1,0.880177
2019-04-24,40.17687225341797,40.38621402413876,40.126629078496286,40.21873996870174,15997300,0,0.22168785
2019-04-25,40.05964279174805,40.1015105085147,39.74981785451233,39.97590735821473,11444400,0,0.33093482
2019-04-26,40.41133117675781,40.57043295568669,40.17686943219108,40.18524489124087,10154300,1,0.9076006
2019-04-29,40.5452995300293,40.57042270653017,40.28571786249378,40.33595782689375,9731500,1,0.80785966
2019-04-30,41.08122634887695,41.18170949491016,40.520188795396535,40.63741966481887,17912900,1,0.98811823
2019-05-01,40.68766021728515,41.097971428166986,40.654164772661865,40.98911283029198,10551200,0,0.24158555
2019-05-02,40.52018737792969,40.83838772258885,40.419704235411565,40.63741824325109,8724600,0,0.17880686
2019-05-03,40.7965202331543,40.99748651927637,40.629046198518225,40.696033895791736,7076900,1,0.8630283
2019-05-06,40.587181091308594,40.70441196478146,40.411331586797566,40.46995021783573,8657800,0,0.31573087
2019-05-07,40.19361114501953,40.436448312319655,40.00101714159913,40.38620514843994,12487500,0,0.08570588
2019-05-08,40.06800842285156,40.38620876733367,40.042888435811385,40.23548245648959,9281400,0,0.088477105
2019-05-09,39.69119644165039,40.17686763283045,39.41486380281398,40.02614131970178,11450500,0,0.4215647
2019-05-10,40.35270690917969,40.44481777275808,39.69118953260045,39.69956179551621,9653800,1,0.98436064
2019-05-13,40.23549270629883,40.30248361454027,39.967535461937686,40.11826181117862,11911500,1,0.8436454
2019-05-14,40.77140045166016,41.298942586750904,40.48669552732725,40.63742185163889,16844200,1,0.69406575
2019-05-15,41.18171310424805,41.349187158515925,40.69603866630139,40.754654106149864,11422500,1,0.9850544
2019-05-16,41.51665496826172,41.583642663312105,41.206826896461735,41.25707006347559,17771300,1,0.972315
2019-05-17,41.19845199584961,41.49152913225405,41.17332881679979,41.2570674231305,11257000,0,0.34282756
2019-05-20,40.90538024902344,41.14821746688938,40.83001708466166,41.06448203728824,13850500,0,0.12347106
2019-05-21,40.69603729248047,41.056105378995525,40.570434151746106,41.03098538970901,10587400,0,0.069493316
2019-05-22,41.57528305053711,41.62552303853743,40.796531293508146,40.84677128150847,16050400,1,0.9965154
2019-05-23,41.74274444580078,41.784615352017966,41.41617182083743,41.44966726809051,12199400,1,0.97142774
2019-05-24,41.541778564453125,41.77624030895552,41.47478766928005,41.71762487282992,6887600,0,0.36865172
2019-05-28,41.11471939086914,41.592018336569325,41.05610395503239,41.53340290073258,18614000,0,0.08351339
2019-05-29,40.70441436767578,41.05610700885576,40.53694031241306,40.81327298274184,12534600,0,0.054845896
2019-05-30,41.240325927734375,41.29056909911779,40.75465152059979,40.79652242723682,9087200,1,0.9602251
2019-05-31,41.13983917236328,41.29056547899701,40.84675882310819,41.03098057439417,11368600,1,0.73350924
2019-06-03,41.85159683227539,41.85159683227539,41.04772538348215,41.164956237143514,14167200,1,0.9940103
2019-06-04,41.868350982666016,42.10281272599241,41.55015062079328,41.868350982666016,12010600,1,0.90451026
2019-06-05,42.5214958190918,42.82294845430091,41.60876564884273,41.87672283696157,15837600,1,0.8946401
2019-06-06,43.04066848754883,43.157899365748,42.36240001386551,42.630357219549865,15190400,1,0.98864484
2019-06-07,43.116024017333984,43.70217830454762,43.08252857397855,43.09927629565627,15293600,1,0.84558654
2019-06-10,43.023921966552734,43.15790057314313,42.78108474388829,43.15790057314313,9737400,0,0.20487706
2019-06-11,42.982051849365234,43.199765875046936,42.85644551519771,43.08253500011819,9915600,0,0.49653345
2019-06-12,43.24163818359375,43.66032174957634,43.099287304424685,43.12440729620696,11088100,1,0.7844105
2019-06-13,43.1488037109375,43.62982863629394,42.85343543902053,43.427290300715505,10353600,0,0.2891339
2019-06-14,43.30070495605469,43.48636160219767,43.0812881661982,43.0812881661982,8694300,1,0.75158507
2019-06-17,42.92938995361328,43.44417184123999,42.709976358827696,43.25007433298101,12322400,0,0.2489528
2019-06-18,42.735294342041016,43.2922708050112,42.642464395006314,43.25007625251488,9221100,0,0.049722314
2019-06-19,43.14036560058594,43.24163638440425,42.591830008140334,42.650903022415434,9414100,1,0.975476
2019-06-20,43.596065521240234,43.70577390490503,43.3344542122664,43.46104105643633,10656600,1,0.9868867
2019-06-21,43.50323867797851,43.79016608840506,43.38509266531536,43.486360216278435,21264400,1,0.53316176
2019-06-24,43.81548309326172,44.051778342797334,43.62982644912923,43.663583373239675,10780000,1,0.90886605
2019-06-25,43.68046188354492,43.96738932147214,43.579194322875814,43.88300022412084,11519900,0,0.39803725
2019-06-26,43.14036560058594,43.57919600608512,43.11504951425028,43.477928441504645,12405100,0,0.032096922
2019-06-27,43.10660552978515,43.3766544749685,43.013775601271384,43.28382454645472,12374900,0,0.14173585
2019-06-28,42.97157669067383,43.376653316871206,42.63401712782572,43.26694492980786,16339900,1,0.74328876
2019-07-01,43.545433044433594,43.570752346498814,42.85343221374884,43.0981650785425,14976400,1,0.9809316
2019-07-02,43.86612701416016,43.92520003322813,43.503248057463715,43.69734558000677,8569200,1,0.98570365
2019-07-03,43.9673957824707,44.16149652952963,43.88300667271844,43.88300667271844,7253700,1,0.7800599
2019-07-05,43.975830078125,43.98426770014881,43.44416975196931,43.79017020122416,8916300,1,0.9059033
2019-07-08,43.88300323486328,44.1614930698572,43.79017328986531,44.05178466038342,9495100,1,0.68223864
2019-07-09,43.53699493408203,43.85767926299357,43.40197046178833,43.64670332383233,10584900,0,0.107477285
2019-07-10,43.73109436035156,43.85768121718365,43.59606988204151,43.71421589815812,7620900,1,0.78394014
2019-07-11,43.91676330566406,43.933641771347375,43.596078896157515,43.87456875107487,10376500,1,0.98011655
2019-07-12,43.98426818847656,44.12773351837575,43.80704915086969,44.09397659143032,7347400,1,0.8432029
2019-07-15,43.992706298828125,44.12773077898996,43.77328950654167,44.11928993815873,5876100,1,0.756838
2019-07-16,44.00114822387695,44.27963805226907,43.722661614722696,43.84924526643359,7132500,0,0.31646556
2019-07-17,44.03490447998047,44.10241511601505,43.891439147145555,44.068661407616666,8264200,1,0.67790323
2019-07-18,43.908321380615234,44.02646741824727,43.60451544428253,43.91676222286785,11911800,0,0.42868125
2019-07-19,43.368221282958984,44.00959005530817,43.351342818503696,44.00114921346157,10355500,0,0.03795546
2019-07-22,43.22475051879883,43.47792099651702,43.148799053559635,43.47792099651702,12090700,0,0.1659862
2019-07-23,45.84930038452149,46.11090853293699,44.5243683012014,44.937882628235755,33417900,1,0.99618715
2019-07-24,45.38514709472656,46.26280785339562,45.25012261025729,45.67207452662846,15633400,1,0.7818406
2019-07-25,44.78597640991211,45.40202582513439,44.49061135440748,45.25856371795719,19135000,0,0.22045109
2019-07-26,45.71426773071289,45.83241696798361,44.88724238524314,45.01382924412871,11451900,1,0.95259523
2019-07-29,45.562374114990234,45.82398227020938,45.48642263332449,45.71427385908375,12283900,0,0.47868556
2019-07-30,45.33451461791992,45.823977163590655,45.20792775617118,45.53704973363277,8127100,0,0.25186872
2019-07-31,44.4146614074707,45.15729449234331,43.91675799732955,45.15729449234331,16865500,0,0.23650359
2019-08-01,43.908321380615234,44.89569067369654,43.89144291534807,44.54124934156235,19527200,0,0.028070275
2019-08-02,44.16149139404297,44.49905101303579,43.80705009197702,43.80705009197702,13102300,1,0.6989011
2019-08-05,43.5876350402832,44.439976510364865,43.376659078266805,44.21212208507863,19986500,0,0.15036052
2019-08-06,44.11085510253906,44.52436619073499,43.55387868428902,43.77329227119575,19903100,1,0.9599651
2019-08-07,44.878814697265625,45.05603376354168,43.68891019346625,44.11086219083111,17937000,1,0.98940736
2019-08-08,45.3091926574707,45.38514412621926,44.60031335556332,44.90411923055755,10799000,1,0.992508
2019-08-09,45.08134078979492,45.48641745875573,44.79441657974057,45.39358752292045,9260900,1,0.600114
2019-08-12,44.89567947387695,45.09821456808166,44.71846046163852,44.96319009886609,6588600,0,0.33590698
2019-08-13,45.14885711669922,45.24168705762468,44.61719677636833,44.64251608159023,8581200,1,0.931204
2019-08-14,44.71845626831055,45.54548146710891,44.70157780883666,45.01382126101104,17088900,0,0.046826236
2019-08-15,45.46110534667969,45.570813762680224,44.92100732827417,45.08978876383542,12393200,1,0.9909548
2019-08-16,45.916805267333984,45.98431911603588,45.52861029501057,45.553926378655035,14288700,1,0.9822953
2019-08-19,46.153099060058594,46.22905053312703,45.83241792420308,45.94212310367267,10936200,1,0.93869823
2019-08-20,45.46954345703125,46.14466593947386,45.43578652809964,46.09403054607644,8176700,0,0.13830097
2019-08-21,45.65519714355469,45.9168084968183,45.444221180378854,45.781784009155274,10886500,0,0.46000203
2019-08-22,45.98432159423828,46.11090523851998,45.655196392935466,45.67207485602056,7467900,1,0.86535287
2019-08-23,45.35139083862305,46.16997532128504,45.05602258222468,45.925242450930305,14160400,0,0.12970765
2019-08-26,46.026519775390625,46.026519775390625,45.34295645305745,45.57081089383517,9226900,1,0.9859534
2019-08-27,46.17841339111328,46.372510863778125,45.91680207444121,46.16153493011147,13537000,1,0.9207315
2019-08-28,46.50754165649414,46.5412985830879,45.92524594008371,46.12778428040858,10046400,1,0.96470827
2019-08-29,46.45690155029297,46.70163441439587,46.077144212760416,46.634120568062364,9262800,1,0.58776015
2019-08-30,46.448463439941406,46.60036637335464,46.2543659626328,46.54973098913778,8746700,0,0.3481812
2019-09-03,46.66788482666016,46.693204132633696,46.30500589367233,46.397835837353576,12991400,1,0.962533
2019-09-04,47.06451797485352,47.191101620472125,46.66788213625894,46.71007668479847,10718100,1,0.91295296
2019-09-05,46.5159797668457,47.0645185624209,46.44002829083126,47.04764009894683,13677000,0,0.07899904
2019-09-06,46.60881042480469,46.786029465157625,46.21217457514428,46.786029465157625,9093500,0,0.38025784
2019-09-09,46.00963592529297,46.48222321594687,45.87461144499722,46.44002545022394,10814900,0,0.097251974
2019-09-10,45.90837097167969,45.94212467923841,45.44422127632275,45.764905642413616,12038200,1,0.7168593
2019-09-11,46.220611572265625,46.24592765614246,45.54548917523736,45.81553813404867,9740400,1,0.9024217
2019-09-12,46.50754165649414,46.67632307022525,46.39783325468326,46.499100815226846,12357900,1,0.9344074
2019-09-13,46.12501907348633,46.57556054995511,45.96350616246564,46.31203641250262,11486100,1,0.51177144
2019-09-16,45.86997604370117,46.193004957466336,45.58945340912722,45.988985842779435,11172000,0,0.1914771
2019-09-17,46.108001708984375,46.49903485641543,45.869978853473896,45.98898865984213,11347400,1,0.8433338
2019-09-18,46.09950256347656,46.150508159736745,45.750972429300944,46.0740013867336,9700400,1,0.81312406
2019-09-19,46.34603118896485,46.4140354173219,46.01450287413428,46.09950897027428,7560300,1,0.86039716
2019-09-20,45.827484130859375,46.490540739679474,45.8189848186224,46.490540739679474,19211500,0,0.1817154
2019-09-23,46.02299499511719,46.21001226873163,45.80197723402447,45.82747841032673,6485300,0,0.43909842
2019-09-24,46.15901184082031,46.42253591561706,45.93799405498481,46.11650879463363,10093000,1,0.95433074
2019-09-25,46.04850387573242,46.31202796511771,45.903992862142736,46.278024229176104,10248400,1,0.53157634
2019-09-26,46.23551940917969,46.39703552732662,46.0145016195768,46.30352687845727,10031200,1,0.8680375
2019-09-27,46.16750717163086,46.44802982678767,45.90398313806921,46.380025612084886,7939900,1,0.8270587
2019-09-30,46.27801513671875,46.482034269509015,46.03149620651373,46.03149620651373,9808700,1,0.6281551
2019-10-01,46.456539154052734,46.56704642440425,45.91248914323387,46.35452795296352,14261500,1,0.96430093
2019-10-02,45.121925354003906,46.278023164447,44.96891178856187,46.08250655144321,14343600,0,0.045059267
2019-10-03,45.76797866821289,45.88698849475139,44.90090290557934,45.47895341400171,13817500,1,0.7751576
2019-10-04,46.363037109375,46.363037109375,45.810487707842185,45.90399636743466,9295400,1,0.9918441
2019-10-07,45.793479919433594,46.21001755574821,45.708473826850806,46.184516376528286,5964900,0,0.3882653
2019-10-08,45.54695892333984,45.96349329831069,45.43644841368915,45.80198043249385,13301900,0,0.22235394
2019-10-09,45.75947570800781,45.96349161073067,45.51295351967458,45.95499229927318,7135000,1,0.8616089
2019-10-10,45.61496353149414,45.80198081974971,45.35994202018393,45.52145488736635,8942900,0,0.3156684
2019-10-11,45.30894088745117,45.64897176456863,45.223934789559195,45.60646871562264,8981700,0,0.061789196
2019-10-14,45.30894088745117,45.63196989643528,45.240936657692544,45.47045701333061,7306300,0,0.21870959
2019-10-15,45.487449645996094,45.63196388470332,45.28343374082328,45.419445425196606,9564300,1,0.89740634
2019-10-16,45.4704475402832,45.538451755874235,45.164420463188335,45.444943122009235,10454800,1,0.80226165
2019-10-17,45.725467681884766,46.005990332474305,45.546952973075605,45.64045836142279,13190300,1,0.8277744
2019-10-18,46.567047119140625,47.08559271603613,46.28652441889648,46.75406441448643,18122400,1,0.7834813
2019-10-21,46.09950256347656,46.3800284787462,45.63196261413477,46.28651984032298,12778900,0,0.20172903
2019-10-22,45.7764778137207,46.26101967302062,45.68297240947693,46.099506800845504,9533400,0,0.27474603
2019-10-23,46.44804000854492,46.46504187664107,45.91249251322804,45.954998804855784,8556600,1,0.9193285
2019-10-24,46.42253494262695,46.6010496785342,46.32052698536202,46.38853120928048,11051400,1,0.86263955
2019-10-25,45.69147109985352,46.38003211080362,45.623463632847546,46.37152955604062,9782400,0,0.034781396
2019-10-28,45.538455963134766,45.86148493466529,45.36844054428847,45.682970204125155,8866100,0,0.06795478
2019-10-29,45.40244674682617,45.61496522125295,45.274934365060275,45.38544487973908,7999700,0,0.20740208
2019-10-30,45.85297775268555,45.946486385752785,45.1899212531529,45.49594832763692,8620900,1,0.95750934
2019-10-31,46.269527435302734,46.30353117309536,45.77648296563443,45.869991623176695,13982000,1,0.99199134
2019-11-01,45.81897735595703,46.53303945022146,45.77647107337149,46.43953081697179,9889500,0,0.17536877
2019-11-04,45.17292404174805,45.90398807436894,45.02841304323082,45.86998434197392,17515100,0,0.0272609
2019-11-05,44.56086730957031,44.96040303567981,44.30584581657936,44.96040303567981,19284000,0,0.08748316
2019-11-06,44.8838996887207,44.8838996887207,44.5523713982552,44.65437935468125,13288900,1,0.91385674
2019-11-07,44.45036315917969,45.053914824793125,44.169837227323775,44.95190686901572,11725500,0,0.09137204
2019-11-08,44.382347106933594,44.71387533115103,44.280339170891416,44.59486553197286,7141800,0,0.17315942
2019-11-11,44.06782913208008,44.51836724121432,44.016823532965574,44.48436675124575,8198300,0,0.067522354
2019-11-12,43.957313537597656,44.127328938872886,43.84680628312671,44.127328938872886,12656900,0,0.3699717
2019-11-13,44.552371978759766,44.586375712269664,44.16983808370969,44.35685537523962,12257900,1,0.98266673
2019-11-14,44.739383697509766,44.77338418401002,44.50136083536335,44.654374374323865,8660300,1,0.9721487
2019-11-15,44.77339172363281,44.781894278770245,44.52687275181636,44.74789054376982,8982400,1,0.9724336
2019-11-18,45.07941436767578,45.42794450981469,44.77338726867102,44.78188982296245,13782000,1,0.6053256
2019-11-19,45.121925354003906,45.317441967007696,44.943407365805086,45.181430269145295,12679500,1,0.5272842
2019-11-20,45.24093246459961,45.393946020843146,45.06241448713251,45.138921265254275,11970300,1,0.7352443
2019-11-21,45.0199089050293,45.342937865869615,44.86689535740884,45.14742127563777,7856100,0,0.33129436
2019-11-22,45.07941436767578,45.21542605136964,44.84139473190511,45.01990945873312,9113300,0,0.3641957
2019-11-25,45.24093246459961,45.38544346617713,44.85839857399078,45.29193482149781,10963500,1,0.91285026
2019-11-26,45.81897735595703,45.852977842141755,45.24092693475373,45.31743370352399,13219800,1,0.9914123
2019-11-27,45.86148834228515,45.98899748381332,45.5639605265035,45.844486474859806,9595200,1,0.9366556
2019-11-29,45.7330207824707,46.01563886690904,45.57886427568735,45.98994720477739,7222300,0,0.23157838
2019-12-02,46.032772064208984,46.032772064208984,45.2619894577304,45.66450962633555,13173800,1,0.98034006
2019-12-03,46.075584411621094,46.10984213626902,45.73301696613107,45.99850616466146,14498300,1,0.95872575
2019-12-04,46.495243072509766,46.512371938407746,46.0070818289072,46.075594025502006,13624000,1,0.95964056
2019-12-05,46.40959548950195,46.49523981298782,46.10128572594351,46.42672435419913,14068100,1,0.83832103
2019-12-06,46.606571197509766,46.67508665433514,46.39246529542566,46.512367344870064,7843500,1,0.94454575
2019-12-09,46.30683517456055,46.6836604750792,46.26401463743304,46.50381225894513,13887200,0,0.16401035
2019-12-10,46.04990005493164,46.30682649654559,46.01564232485059,46.28113483248328,8993900,0,0.053827807
2019-12-11,46.20405197143555,46.37533733778403,45.95568835358007,46.19548590626997,8879100,1,0.6584379
2019-12-12,46.36677932739258,46.63227185470357,46.195493931288624,46.255443329875426,11233300,1,0.95686734
2019-12-13,46.606571197509766,46.7179071813526,46.10984720351297,46.19548825754789,13072200,1,0.9829238
2019-12-16,46.606571197509766,46.95770801324463,46.563750670492304,46.837805963800214,9538100,0,0.31687135
2019-12-17,46.606571197509766,46.74360211116052,46.49523848066372,46.589445600300216,9230000,1,0.5037938
2019-12-18,46.169795989990234,46.88919194224982,46.15266712600825,46.70077770544475,15132100,0,0.035715394
2019-12-19,46.52093124389648,46.538060108508,46.178360485659915,46.28113367332901,13385900,1,0.80473644
2019-12-20,47.07761001586914,47.27458706722042,46.64939818241062,47.05191508430366,23832800,1,0.9835682
2019-12-23,47.02621841430664,47.30883976246587,46.96626902536317,47.10329666680491,9300800,1,0.6378359
2019-12-24,46.85493087768555,47.1032944872429,46.79498149151605,46.93200912661726,3359300,0,0.19344534
2019-12-26,47.12042999267578,47.12042999267578,46.92345294363679,47.03478566679123,6228500,1,0.7246329
2019-12-27,47.403045654296875,47.48868997576162,47.10329869666229,47.111861495310364,6895500,1,0.9244814
2019-12-30,47.33453369140625,47.4373036106606,47.15468551596193,47.25745543521628,6431700,1,0.57867724
2019-12-31,47.403045654296875,47.4287405842347,47.08616983236934,47.274584072594976,7982600,1,0.8503747
2020-01-02,47.09473419189453,47.47155939169758,46.89775389316011,47.37735227499765,11867700,0,0.14262784
2020-01-03,46.83781433105469,47.09474407305179,46.32396138105525,46.52093845412161,11354500,0,0.3850338
2020-01-06,46.8206787109375,47.02622182149064,46.69221712546408,46.80355311313857,14698300,1,0.83246595
2020-01-07,46.46097946166992,46.76072640946266,46.37533841001392,46.632264831978645,9973900,0,0.07501197
2020-01-08,46.54662322998047,46.79498686807381,46.37534111667171,46.47811103805635,10676000,0,0.43295908
2020-01-09,47.39448547363281,47.44587206935016,46.96627364364589,47.10330129856182,15398000,1,0.99564844
2020-01-10,47.55720520019531,47.89977597391748,47.4886930056491,47.5143846702293,13040100,1,0.80666035
2020-01-13,48.07106399536133,48.156705059987,47.46300067532912,47.55720780661568,14302900,1,0.9796857
2020-01-14,47.959720611572266,48.20808423453283,47.81413017073127,48.1652637088147,16345300,1,0.5949947
2020-01-15,48.559226989746094,48.7990245928815,47.95972971491025,47.95972971491025,17735400,1,0.95847034
2020-01-16,48.66197967529297,48.77331563742544,48.48213153669171,48.68767133309425,10234100,1,0.7414555
2020-01-17,48.76475524902344,48.94460667555303,48.64485647600141,48.70480586251242,14264300,1,0.6242085
2020-01-21,48.96174240112305,49.030257866737415,48.44788947700416,48.68768707266001,11968900,1,0.98158604
2020-01-22,49.338565826416016,49.36425748986629,48.97030340431005,49.03025279702527,12869600,1,0.9525182
2020-01-23,49.526973724365234,49.544099319806485,49.0216837169404,49.14158248700791,12858900,1,0.9377866
2020-01-24,49.39851379394531,49.56123310276391,49.210099555420896,49.544104238625614,8594300,0,0.39936927
2020-01-27,49.22724151611328,49.54411741948227,48.927494481439595,48.99600668922315,14359900,1,0.5293224
2020-01-28,48.824710845947266,49.45846578438602,48.790456382867106,49.20153934280159,15240200,0,0.027205477
2020-01-29,48.824710845947266,49.03881675843378,48.52496387526492,48.816148046926465,13163600,1,0.5496362
2020-01-30,50.40909576416016,50.511865685775014,49.46702780386713,49.612621520902,20225600,1,0.9900108
2020-01-31,50.0151481628418,50.59751657252537,49.80104222595806,50.50330943757695,17685200,1,0.7659435
2020-02-03,50.16929244995117,50.503297107223176,50.11790586152605,50.31488288332757,12333600,1,0.52159023
2020-02-04,50.3919677734375,50.914386723452765,50.203553524711474,50.31488951414021,15417900,1,0.86228204
2020-02-05,50.4005241394043,50.59750442901931,50.1350349322647,50.44334793010111,11414900,0,0.4508187
2020-02-06,50.52043914794922,50.820186157791476,50.391974276875466,50.51187308081237,9347000,1,0.6277068
2020-02-07,50.691707611083984,50.80304358484514,50.400523479937,50.42621840741819,8757800,1,0.74916923
2020-02-10,51.17131423950195,51.24839250041707,50.77736013571227,50.80305180035163,7984900,1,0.98002106
2020-02-11,51.03428649902344,51.21413468519675,50.80305171665903,51.14562249060564,7431200,1,0.6922894
2020-02-12,50.880126953125,51.188439977951376,50.80304869691841,50.9400763449527,9179100,0,0.23429751
2020-02-13,51.05141830444336,51.2483953673575,50.70884751076829,50.85444124152922,8173200,1,0.91789824
2020-02-14,51.34260559082031,51.44537552831276,51.05998417896933,51.068550246175526,9965500,1,0.8893781
2020-02-18,50.98289108276367,51.32546179744536,50.914378900025206,51.22269188983943,10075700,0,0.16490753
2020-02-19,51.18843460083008,51.385411620000504,50.93150819612937,50.96576265429204,6265700,1,0.66070724
2020-02-20,51.1456184387207,51.26551722000423,50.62319951998813,51.11136071064062,7597200,1,0.8569506
2020-02-21,51.49674987792969,51.49674987792969,50.89725272903361,50.96576491539499,10842400,1,0.99255556
2020-02-24,50.229248046875,51.21413327765873,50.16073258716991,50.62320213918849,14415500,0,0.022366693
2020-02-25,49.518409729003906,50.70027515062394,49.34712436446531,50.272063372775754,15915100,0,0.054248676
2020-02-26,49.33000183105469,50.07509277235387,49.22723190594333,49.65544373873719,15837800,0,0.1036852
2020-02-27,47.0433464050293,49.57835935816587,47.00052588043511,48.94460775338003,23754000,0,0.056943793
2020-02-28,45.81010437011719,46.15267188408337,44.17433526166192,46.10128855383684,40890600,1,0.52924275
2020-03-02,47.89120864868164,47.925466378552635,45.98995037879848,46.1869274250613,25698600,1,0.97191036
2020-03-03,48.011112213134766,49.23579832506414,47.65141257217096,48.610606169746035,27099200,1,0.8218305
2020-03-04,50.46047592163086,50.52899137640134,48.31085416665572,48.31085416665572,20526100,1,0.9915936
2020-03-05,48.593475341796875,49.81815805493285,48.12243975944072,49.50128224525417,17948500,1,0.5042174
2020-03-06,47.32597351074219,47.882650237670354,46.22975219038827,47.05191818065371,22353900,0,0.084494196
2020-03-09,44.41413116455078,45.88718089305865,44.088689261671774,44.57685048249181,27898300,0,0.05054494
2020-03-10,45.955692291259766,46.07559107787816,43.82319599484281,45.578867066602406,27457400,1,0.8499388
2020-03-11,44.71387481689453,45.090703287094954,43.79750183762907,44.83377359668677,22653900,0,0.25341225
2020-03-12,40.38894271850586,42.76123682751424,39.98642252253414,41.57080837312675,31913100,0,0.08538855
2020-03-13,41.874908447265625,42.81659723306305,40.26798966639583,42.77339786929765,33697200,1,0.853549
2020-03-16,39.1016731262207,41.36518383735368,35.568180970155,36.492593896023635,28682300,1,0.7796492
2020-03-17,40.76042556762695,41.036884314091076,39.19670310522507,39.637311498160415,32106700,1,0.9295143
2020-03-18,38.747467041015625,39.006650067897944,35.93104158248946,38.652436999561075,35408300,1,0.6785243
2020-03-19,36.13838195800781,38.58331489558188,35.45587290749881,38.324135202982475,41956900,0,0.076659486
2020-03-20,33.088687896728516,36.345721082169376,32.40617890840666,36.24204987370539,51513500,0,0.13520595
2020-03-23,32.44938278198242,33.598414016117275,31.334906425045407,33.48610160219022,44978500,0,0.3626879
2020-03-24,34.082210540771484,35.76688317123699,33.54657217010253,35.61137472561568,49096200,1,0.9100872
2020-03-25,35.94831848144531,37.53795824402398,34.47962903303314,35.10166298663098,42511700,1,0.9546917
2020-03-26,38.26365661621094,39.11031196037528,36.67401713648548,37.0109510361822,37821700,1,0.98652935
2020-03-27,36.98504257202149,38.039040576026075,36.63082950674184,37.71938568678568,23297900,1,0.8461482
2020-03-30,38.877052307128906,39.360856811162215,37.18374148648517,37.18374148648517,23446000,1,0.98812693
2020-03-31,38.229103088378906,39.31765914996257,38.06495671352901,38.93752914184499,25373900,1,0.78155935
2020-04-01,36.388919830322266,37.71074184230935,36.11246105691353,36.69993677431923,21936400,0,0.084611244
2020-04-02,37.96992111206055,38.17726354200827,36.164297914327314,36.475314854897405,17621900,1,0.8953922
2020-04-03,37.86624526977539,38.306850351308086,37.416998998922544,37.650261675845066,14207100,1,0.930841
2020-04-06,40.319820404052734,40.61355825765343,38.60923053743051,39.213985329625885,22850000,1,0.9857371
2020-04-07,40.18159484863281,41.9872182069546,40.15567786649647,41.90082606940092,21279600,1,0.7157154
2020-04-08,41.31334686279297,41.54660956952424,40.02608632403153,40.29390390551489,18937100,1,0.9807839
2020-04-09,42.33278274536133,42.96345441935528,41.7712241049698,41.8489783275525,19165300,1,0.9820354
2020-04-13,40.5444450378418,42.021772194123855,40.17295295120033,41.771230406268266,19586000,0,0.13618223
2020-04-14,42.26367950439453,42.54877950737066,40.5444514774774,41.41702398277143,21801900,1,0.93233263
2020-04-15,41.13192367553711,41.81443274809549,40.95913610967251,41.21831581064506,12893200,0,0.35041142
2020-04-16,40.691314697265625,41.33926558923259,40.39757682774799,40.95049769057134,17606800,0,0.15021701
2020-04-17,41.52068710327149,41.72802950698115,40.92457027739798,41.72802950698115,19844600,1,0.9510127
2020-04-20,40.19886779785156,41.4688524590164,40.00880446512191,41.28742702046379,18957900,0,0.06870244
2020-04-21,39.20533752441406,40.51851799116727,38.2377287832395,39.6373046531231,26863700,0,0.30727878
2020-04-22,39.46452713012695,39.87057738848323,39.30901866078406,39.78418196348802,15811600,1,0.8677542
2020-04-23,38.93753433227539,39.827385965349166,38.8511421857116,39.69779774550348,17668200,0,0.21543409
2020-04-24,39.24854278564453,39.52500154922219,38.98072191658249,39.30901793419912,15175000,1,0.6126064
2020-04-27,40.41485595703125,40.587643520870856,39.49044628048534,39.74098808327033,19175500,1,0.99472815
2020-04-28,40.38030242919922,41.46885851513608,40.23343184155408,41.382466378155726,17246700,1,0.5243266
2020-04-29,40.708587646484375,41.3479005469358,40.501245237874514,40.83817912360166,15780000,1,0.73024696
2020-04-30,39.64595413208008,40.604921965374615,39.481807761632275,40.604921965374615,20801100,0,0.18673323
2020-05-01,39.395416259765625,40.07792538156873,39.05848229462582,39.41269534716368,14290400,0,0.041490763
2020-05-04,38.99800109863281,39.291738947623536,38.53147569806253,39.15350956548957,22544200,0,0.141113
2020-05-05,39.22262954711914,39.82738109034028,39.00664591149767,39.18807137446401,13370500,1,0.5848847
2020-05-06,38.66107177734375,39.42133511719945,38.63515479500567,39.22263056276023,11892900,0,0.09955257
2020-05-07,38.53147888183594,39.08439975170688,38.445086746731974,39.00664551185383,16466000,0,0.06388242
2020-05-08,39.83602142333984,39.93105474827026,38.77338235444717,38.946169918352595,13985100,1,0.99686277
2020-05-11,39.34358978271485,39.836032332530216,39.32631069202751,39.473178019395455,10874600,1,0.7807294
2020-05-12,38.72154235839844,39.6113938004601,38.704263273664914,39.3954101847637,13424400,0,0.052441243
2020-05-13,37.96127700805664,38.68698204847091,37.598426135673634,38.62650690307374,15854800,0,0.06310362
2020-05-14,37.75394058227539,38.06495754830534,37.347890288219766,37.47748178928183,18000800,0,0.17700593
2020-05-15,37.373802185058594,38.60922869000162,37.32196822820536,37.9785569483168,31579400,0,0.09034666
2020-05-18,38.85113906860352,39.21399000983811,38.12543389048544,38.721547563506086,26118500,1,0.988058
2020-05-19,38.479644775390625,39.162153845369744,38.22910297061621,38.88569176364194,17839900,1,0.93210185
2020-05-20,39.64595413208008,39.88785474024497,38.89433203124731,39.04984050668149,22295900,1,0.99026626
2020-05-21,39.0239143371582,39.81873567997523,38.90296405134103,39.81009778626605,13193500,0,0.4015175
2020-05-22,38.90298080444336,39.144884775898866,38.57468797174941,39.06713051643987,13008400,0,0.26644322
2020-05-26,39.81874084472656,40.54444594940641,39.68051145791366,40.5358047589283,22223100,1,0.84427667
2020-05-27,40.37166213989258,40.68267911300708,39.88785759330904,40.60492486972846,18447600,1,0.97283596
2020-05-28,40.68267822265625,41.002333084406494,40.449415497925386,40.86410368778622,16230600,1,0.9667575
2020-05-29,40.32846450805664,40.76906967246663,39.86193906645873,40.32846450805664,51125000,1,0.6502296
2020-06-01,40.596282958984375,40.80362539012126,40.25070784622487,40.311182996610505,17010700,1,0.6029324
2020-06-02,40.518531799316406,40.84682455614655,40.22479391986659,40.74315333270802,15255100,1,0.5009669
2020-06-03,41.382469177246094,41.572532550588434,40.70859793975364,40.838189449638456,15508300,1,0.9809873
2020-06-04,41.39973831176758,41.70211735432334,40.93321620163181,41.41701739668349,13604700,1,0.95762914
2020-06-05,42.41053771972656,42.75611278080835,41.86625815199956,41.935374482475126,20504800,1,0.8879178
2020-06-08,43.067134857177734,43.17080937329558,42.73884210975058,42.79931726299498,19896700,1,0.98810405
2020-06-09,42.33278274536133,42.842504138815066,42.056324019655705,42.842504138815066,16713700,0,0.21285991
2020-06-10,42.00449752807617,42.56605631225626,41.9613014590582,42.47102298302743,15716600,0,0.14394829
2020-06-11,39.34358978271485,41.39975213976341,39.27447341996553,41.30472208445745,26070400,0,0.026644807
2020-06-12,39.753318786621094,40.31997928518928,39.23896648541888,40.28510715361197,21822700,0,0.0677308
2020-06-15,40.363555908203125,40.49432470033914,38.76819460232175,38.85537158002008,15622300,1,0.94414645
2020-06-16,40.77330017089844,41.57533910893436,40.26766432471923,41.462009688726425,18803500,1,0.93798405
2020-06-17,40.607669830322266,41.02612543709821,40.485617368455095,40.782023838953414,12602800,1,0.80622065
2020-06-18,40.96509552001953,41.00868401648583,40.1630532175653,40.36356296178158,9380800,1,0.87979823
2020-06-19,40.11947250366211,41.66252952214024,40.11947250366211,41.64509345505357,30464600,0,0.19651268
2020-06-22,39.87537384033203,40.232804898270395,39.56153128690523,40.12818849673498,20876200,0,0.056013186
2020-06-23,39.788185119628906,40.3548455356143,39.73588025547513,40.10202760690765,14675300,0,0.083591454
2020-06-24,38.92512130737305,39.613827509644075,38.794352496811115,39.55280295153891,17631800,0,0.03825956
2020-06-25,39.16922378540039,39.21281228511598,38.38461748816224,38.76820426707394,13829700,1,0.7269609
2020-06-26,37.983604431152344,39.23897139469203,37.931296227241965,39.16051075162143,21955100,0,0.032169156
2020-06-29,38.67230224609375,38.85537591503853,37.96615667583532,38.35845977042334,17603900,1,0.72171193
2020-06-30,38.951271057128906,39.08203985868631,38.393330378249686,38.57640403995904,23679800,1,0.9526313
2020-07-01,39.07332229614258,39.69228756268563,38.97742561318175,39.169218979103405,14316500,1,0.84089863
2020-07-02,39.12563705444336,39.605117224169554,39.05589279127398,39.48306808921265,15111900,1,0.7701806
2020-07-06,39.43075942993164,39.46563156110783,38.89025469905863,39.352298797579955,15146000,1,0.9705577
2020-07-07,39.41332244873047,39.666140405500386,39.05589142645173,39.23024875269269,13043600,1,0.89117944
2020-07-08,39.29127883911133,39.387175548298394,38.768210112478066,39.35230341303221,13851200,0,0.19770087
2020-07-09,38.28000259399414,39.273834972599026,38.21026166290058,39.273834972599026,16087100,0,0.03573766
2020-07-10,39.36101531982422,39.44819231514688,38.23641412198028,38.25385018616265,15627800,1,0.97674197
2020-07-13,39.44819259643555,39.82305966505655,39.19537465237222,39.69229084555091,16705300,1,0.9741495
2020-07-14,39.98870086669922,40.04972543443995,38.94256019378892,39.15178965860679,17080100,1,0.9877862
2020-07-15,40.45075225830078,41.13945863673981,40.27639490814805,40.36357192042949,23738000,1,0.8434508
2020-07-16,40.2327995300293,40.70355997176646,40.04972251456505,40.32869289692384,13306100,0,0.29992095
2020-07-17,40.816890716552734,40.895351340572326,40.215361482795274,40.51176791513716,13899800,1,0.96751964
2020-07-20,40.206642150878906,40.82561077954632,39.971260276696505,40.72971409092507,16633200,0,0.29216203
2020-07-21,41.148170471191406,41.836880043629385,40.91278859229782,41.42714084789731,25681500,1,0.55505913
2020-07-22,42.26404571533203,42.298917838650226,40.99995951255167,41.7845656592674,29831200,1,0.9903194
2020-07-23,42.089698791503906,42.34251675944968,41.87175295546573,42.25533975527023,15935000,1,0.9583826
2020-07-24,42.27277755737305,42.54302827678232,41.90662680848448,42.19431692015333,16196800,1,0.9049633
2020-07-27,42.26404571533203,42.29019814502632,42.00251144162303,42.00251144162303,17346500,0,0.4473387
2020-07-28,42.00251770019531,42.96147795521415,41.9327734431667,42.14200288866331,13872700,0,0.2017199
2020-07-29,41.86302947998047,42.28148501507965,41.68867217562523,41.96764253235802,13758100,0,0.06548772
2020-07-30,41.575347900390625,42.04611172039638,41.14817590954773,41.55791183384341,17276500,0,0.47894704
2020-07-31,41.18304061889648,41.64508465954473,40.73842931606333,41.357394601759864,14849200,1,0.5163512
2020-08-03,40.363555908203125,41.287647169512624,40.30253135869659,41.095853827870066,14137500,0,0.0313372
2020-08-04,40.70356750488281,40.851772418583565,40.29383155060639,40.35485612519203,11717200,1,0.73137933
2020-08-05,41.16560745239258,41.20919595117583,40.808176441427086,40.88663706947265,10498700,1,0.97224516
2020-08-06,41.39226531982422,41.43585381405657,40.625095184096814,40.677403372529,10745000,1,0.97760016
2020-08-07,41.67123794555664,41.91533951262647,41.15688570415864,41.383551207467114,11669700,1,0.9716428
2020-08-10,41.601505279541016,42.08970185947448,41.54919707786681,41.89791177118195,11888000,1,0.543596
2020-08-11,41.784576416015625,42.41226149497536,41.58406664370118,42.24662052936678,16531600,0,0.37975892
2020-08-12,42.2204704284668,42.447132649746415,41.9502163766117,42.10713765503211,9562200,1,0.9853974
2020-08-13,42.17687225341797,42.48199504395105,41.8979018947623,42.072255874730345,9882900,1,0.8477591
2020-08-14,42.23789978027344,42.44712590117644,41.87174908030934,42.14200308919739,10075800,1,0.6439379
2020-08-17,42.0286750793457,42.49943889291644,42.01995870898607,42.1245717812497,9102400,0,0.24627216
2020-08-18,42.21173858642578,42.28148283480706,41.81071913499985,42.01994855455488,9829000,1,0.63765794
2020-08-19,41.29637908935547,42.17688219341523,41.165613573561394,41.95021664509519,17371000,0,0.053494
2020-08-20,41.27893829345703,41.496884120403664,41.05227609669186,41.20919735814059,11308700,0,0.19897483
2020-08-21,41.21791076660156,41.40970414472355,40.94766008898148,41.27021895852278,14734100,1,0.5347275
2020-08-24,41.8194465637207,41.82816293358613,41.13073694872224,41.34868277684154,9257700,1,0.9698747
2020-08-25,41.76713562011719,41.889184743740714,41.54047343704338,41.8455962461022,7827800,1,0.83302605
2020-08-26,41.98508834838867,42.00252441543345,41.38355900049769,41.6363736586726,10124200,1,0.99250656
2020-08-27,42.046112060546875,42.56046438828692,42.01995962330931,42.063548127235144,10931600,0,0.41866365
2020-08-28,43.44096755981445,43.45840030095097,42.30764650173904,42.49943991013758,16420300,1,0.9870488
2020-08-31,43.17942810058594,43.65019190597513,43.02250683212288,43.414810003280536,18510800,1,0.80663115
2020-09-01,42.821998596191406,43.02250837406063,42.56918394401957,42.98763956638878,12588400,0,0.2617236
2020-09-02,44.626590728759766,44.77479563500363,43.03122884750716,43.03122884750716,26332600,1,0.9894656
2020-09-03,44.00762176513672,45.45478194892345,43.67634317108738,44.80966415195256,22289400,0,0.20391327
2020-09-04,44.49582290649414,44.87069001240399,43.8332656992904,44.408642576288614,21019500,0,0.47153172
2020-09-08,43.423526763916016,44.49581980887352,43.03122361927563,44.39992311511816,17776700,0,0.20211273
2020-09-09,43.75481033325195,44.2517266356918,43.19686945511528,43.24045796267159,15252300,0,0.364476
2020-09-10,43.58916091918945,44.18197377373755,43.54557242338807,43.89428371538816,15439500,0,0.38891727
2020-09-11,44.51325225830078,44.63530137658947,43.67633784251301,43.93787546809053,18272300,1,0.9849316
2020-09-14,44.56599044799805,45.02298780260353,44.442953343394585,44.79449080155562,10911700,1,0.9292053
2020-09-15,44.86478805541992,45.15480690810231,44.680232432354245,44.82084671933415,12838400,1,0.9241234
2020-09-16,44.636287689208984,45.21632199779106,44.59234635647723,44.77690196545589,15353900,0,0.44762105
2020-09-17,44.42536926269531,44.49567808445472,43.8892762305619,44.135353754210655,13287100,0,0.19482023
2020-09-18,44.33749008178711,44.96146583777975,44.12656695239737,44.60114147914223,23816600,0,0.25076702
2020-09-21,43.14225769042969,43.95957919569264,42.720414873601825,43.72229198263159,17514800,0,0.08588963
2020-09-22,43.64320373535156,43.97716394651472,43.12468788874663,43.15984230097628,13034600,1,0.7266543
2020-09-23,42.3688850402832,43.87170097068935,42.33373062784452,43.704722540369545,17121200,0,0.034846053
2020-09-24,42.79951858520508,43.151052655134414,41.797641289517,42.36888541034318,16788100,1,0.8299539
2020-09-25,42.817100524902344,42.85225158902461,42.166757227249775,42.360103166215886,12603400,1,0.94519323
2020-09-28,43.30924224853515,43.68714378759984,43.18620516186464,43.33560973318539,11215700,1,0.94601196
2020-09-29,42.99285888671875,43.55531940350899,42.98407196024961,43.40591483346043,12426600,1,0.60549104
2020-09-30,43.38833236694336,43.60804237963146,42.96648954488326,43.30044970287162,15755900,1,0.9797019
2020-10-01,43.22135925292969,43.64320212660805,42.702843425437905,43.4498562189812,17577300,1,0.81555533
2020-10-02,43.379547119140625,43.57289301058614,42.66768544359848,42.852241056791634,13610100,1,0.73977345
2020-10-05,43.39713668823242,43.54653793600259,43.16863632368886,43.44107803448778,10628700,1,0.8135708
2020-10-06,43.01043701171875,43.704721555444614,42.913767408454845,43.546530055544814,10077400,0,0.21232532
2020-10-07,43.55531311035156,43.73107843441182,43.01922015544526,43.08073868936808,10135600,1,0.98271114
2020-10-08,44.34627532958984,44.416584154227024,43.53774396131794,43.68714518490803,12143900,1,0.99583215
2020-10-09,44.65387344360352,45.02298473224221,44.46931444677473,44.53083299488118,11407800,1,0.91804624
2020-10-12,44.89993667602539,45.28662507723439,44.67143974633567,44.68022667141625,11386500,1,0.9196424
2020-10-13,44.13536071777344,44.81206814768566,43.85413209138261,44.81206814768566,14365300,0,0.14296938
2020-10-14,44.04747009277344,44.3726433821118,43.634417476534175,43.98595154668441,10582100,0,0.16893037
2020-10-15,43.933223724365234,44.05626081778763,43.32682183177004,43.41470786457844,9961700,0,0.42435294
2020-10-16,43.96836471557617,44.24959325113885,43.82775044779483,43.933213663012275,13569800,1,0.52887434
2020-10-19,43.60804748535156,44.363850553891005,43.46743319486812,43.96837181424721,9930400,0,0.22554155
2020-10-20,44.16171646118164,44.48688637005398,43.75745080663667,43.84533347849113,10970700,1,0.97797
2020-10-21,43.933223724365234,44.31991221119411,43.739877804696114,43.906856238268034,12517400,1,0.87130934
2020-10-22,44.53961563110352,44.996612876117865,44.275964276963,44.970245393947614,20189200,1,0.74591553
2020-10-23,44.39900588989258,44.97904026928806,44.35506455179625,44.820848770133914,13491300,1,0.5646959
2020-10-26,43.76624298095703,44.39021874246994,43.23894018158178,44.24081751190042,14696400,0,0.15111524
2020-10-27,43.8541259765625,44.19687310765337,43.54652990448693,43.775030226886976,13892100,1,0.5387653
2020-10-28,42.149173736572266,43.194995684179766,41.99098223781666,43.063168317713696,19886200,0,0.059403386
2020-10-29,42.201900482177734,42.606166108994685,41.56913456019726,41.94703605776795,15369900,0,0.27474344
2020-10-30,42.237056732177734,42.2897849929706,41.63065491298816,42.01734670551692,15804000,1,0.68143576
2020-11-02,42.729209899902344,43.01922877724215,42.3952530352502,42.843460065446145,15156100,1,0.88119835
2020-11-03,43.37076568603515,43.90685878345986,43.06317293464863,43.25651886552562,15285100,1,0.9701248
2020-11-04,43.21256637573242,44.12656089000173,43.133473984650585,43.44106668055422,12930800,1,0.62219894
2020-11-05,43.449851989746094,44.126559248062925,43.361969323474845,43.73108054482467,12452400,1,0.8577853
2020-11-06,43.45864486694336,43.93321933921142,43.28287617138012,43.63441356250661,9294900,1,0.53737426
2020-11-09,46.200626373291016,46.80702486931011,45.76120629870958,46.139107831050346,33442000,1,0.9778805
2020-11-10,47.43979263305664,47.703444017215915,46.09516822708788,46.20062811024974,29706700,1,0.99405164
2020-11-11,47.0882568359375,47.72101946409334,46.86854679848541,47.39584954736679,17399900,1,0.9292684
2020-11-12,46.58731460571289,46.76308330519346,46.23578055926086,46.62246901611083,15024400,1,0.71229464
2020-11-13,46.974002838134766,47.017944171531624,46.48185118756695,46.79823415203848,12447900,0,0.2698484
2020-11-16,47.32554626464844,48.00225366149651,46.82460758883394,47.89679376988017,14908200,1,0.6500452
2020-11-17,47.1761360168457,47.23765455457653,46.60488862076355,47.15855881284991,14248400,1,0.5354755
2020-11-18,46.235782623291016,47.47494714880886,46.191841284586545,47.23765989679362,15278200,0,0.028777348
2020-11-19,46.692779541015625,46.780662217708745,45.65574786399257,46.13032236415754,17189500,1,0.819773
2020-11-20,46.28850555419922,46.7982344114531,46.21820009087629,46.745502799579256,15645600,1,0.7202138
2020-11-23,46.29729843139648,46.72792821875918,45.8754555702516,46.534585669385926,13191900,0,0.39938915
2020-11-24,46.771881103515625,47.097051070701006,46.5961123757769,46.701572271416275,13827600,1,0.9536136
2020-11-25,46.51700973510742,46.824602448768744,46.39397264964289,46.64004682057195,10194800,1,0.8233392
2020-11-27,46.31487274169922,46.74550250214791,46.23577700064615,46.67519703927231,8499300,0,0.29003218
2020-11-30,45.70372772216797,46.22630925564298,45.24315048003747,46.13773748880165,43203600,0,0.19853656
2020-12-01,46.09344482421875,46.35030764058438,45.87201206089579,46.1820165780296,18968800,1,0.8769388
2020-12-02,46.15544509887695,46.17316012515696,45.73915042828624,45.96944239113055,14913100,1,0.92847365
2020-12-03,46.74888229370117,46.89059912217167,45.969441426511274,45.969441426511274,17318900,1,0.9860139
2020-12-04,47.69661712646485,47.7143321534535,46.7311701177568,46.74888514474545,18122400,1,0.9889225
2020-12-07,46.93489074707031,47.63461572241466,46.678027926619464,47.61690069561158,16210900,0,0.15912154
2020-12-08,47.103179931640625,47.36889858454636,46.757745344983576,46.890602982038445,12485800,1,0.589436
2020-12-09,47.23603439331055,47.47517878258632,46.9437415505138,47.271461064332,11508400,1,0.8324413
2020-12-10,46.988033294677734,47.39546878209661,46.926032389148595,47.29804120111935,12097300,0,0.22586125
2020-12-11,47.253753662109375,47.42204473648992,46.74888719655986,46.76660222432603,10638100,1,0.8368812
2020-12-14,47.182899475097656,47.68776596788192,47.10318353524771,47.51947826321925,22292000,1,0.7113856
2020-12-15,47.68775939941406,48.02433814117561,47.47518246282893,47.6434735231076,16193700,1,0.85439473
2020-12-16,46.99688720703125,47.65232624278158,46.890597056264525,47.475179370299266,15679600,0,0.09266198
2020-12-17,47.182899475097656,47.572619970588384,47.07661268156314,47.209470328782224,12677300,1,0.5165377
2020-12-18,47.59918975830078,47.687761514842755,46.60716851529182,47.014607380254326,35480100,1,0.9774686
2020-12-21,46.77545547485352,46.94374314902131,46.04029712069788,46.660309498425214,14926600,0,0.34128568
2020-12-22,46.73116683959961,47.10317562267331,46.403447310288634,46.77545609336234,9689500,0,0.36836416
2020-12-23,47.01459884643555,47.28917326915406,46.89059367947118,46.89945288079487,7040300,1,0.9098071
2020-12-24,47.33346176147461,47.43089270866053,46.96145637635983,46.96145637635983,3265500,1,0.8556138
2020-12-28,47.971195220947266,48.21919884245982,47.59033058574103,47.69661736941842,9020500,1,0.97820365
2020-12-29,47.94462585449219,48.26348959419496,47.847194891939,48.22805953893997,8320600,1,0.88272434
2020-12-30,48.219200134277344,48.38749120663741,47.85605051642103,47.87376554397451,8142700,1,0.9410314
2020-12-31,48.573490142822266,48.653206071203314,48.06862372267421,48.22805557943631,8495000,1,0.9865984
2021-01-04,46.73116683959961,48.38748626949179,46.0845836044528,48.06862256365596,25611100,0,0.06549631
2021-01-05,46.21744918823242,46.60716965687714,46.08458817136926,46.35031020509558,20323800,0,0.02916877
2021-01-06,44.74713134765625,46.07572787206839,44.45483849046365,46.031441997013786,38724500,0,0.100391746
2021-01-07,44.25112533569336,44.516843992279654,43.861404864619864,44.36627132577264,53225700,0,0.1309791
2021-01-08,45.243141174316406,45.287427048628246,44.14483324588648,44.31312091978971,29674000,1,0.82983387
2021-01-11,44.46369552612305,45.04827783322701,44.24226278284434,44.83570091300942,19304400,0,0.442793
2021-01-12,44.38397979736328,44.61426836470954,44.07397192814094,44.32197889927792,18538700,1,0.5300099
2021-01-13,44.42826843261719,44.605415314786896,44.24226572679708,44.26883657654402,18864100,1,0.9217742
2021-01-14,43.604530334472656,44.445975336921336,43.59567451244052,44.42826031406193,34303600,0,0.021471472
2021-01-15,43.13509750366211,43.56024794989852,42.9845214867143,43.542532925622574,24366800,0,0.16399321
2021-01-19,42.96681213378906,43.436251892076136,42.727667721486775,43.17053325045461,29114500,0,0.34301612
2021-01-20,43.11738204956055,43.2413838394606,42.789662550711064,42.99338025966049,23115800,1,0.87752426
2021-01-21,43.35652923583984,43.48053102410719,42.92251959810883,43.2059532223757,19702500,1,0.88961685
2021-01-22,42.949092864990234,43.34766906730038,42.949092864990234,43.232526482932904,15400300,1,0.6622543
2021-01-25,43.20595932006836,43.25910439916705,42.72766712336332,42.8870956030678,16604200,1,0.95382005
2021-01-26,43.657676696777344,43.75510763599374,43.05537941688985,43.321098010064865,12922600,1,0.9890205
2021-01-27,42.98453140258789,43.68425981832494,42.71881273474233,43.30339515552104,21242400,0,0.05621429
2021-01-28,43.533687591552734,43.84369214408333,43.05539195725164,43.12624869263169,17498900,1,0.8463021
2021-01-29,42.647945404052734,43.5071021039996,42.6125153561304,43.42738618557202,18670300,0,0.04747676
2021-02-01,42.94023895263672,43.126241653796704,42.67452032543736,42.75423625147673,12183600,1,0.51631004
2021-02-02,43.365379333496094,43.71081380629411,43.07308992528041,43.223662540071395,13319800,1,0.9249548
2021-02-03,43.19710159301758,43.48053524479758,43.10852646508905,43.35653344449329,12274100,1,0.58591294
2021-02-04,43.409671783447266,43.462816856092054,43.090811483964664,43.36538591230763,20597400,1,0.7769506
2021-02-05,43.9765510559082,44.09169366771827,43.63997228733437,43.84369003760915,12742000,1,0.99138314
2021-02-08,44.2156867980957,44.43711953257045,43.834825603290895,44.25111684652256,17833200,1,0.9743429
2021-02-09,44.02083587646485,44.30426955513955,43.9588349704295,44.15369351277088,14592900,0,0.30657753
2021-02-10,43.93225860595703,44.80027800587649,43.870257702933614,44.64970197082262,22965400,0,0.2118951
2021-02-11,44.55227279663086,44.80913562159741,44.10940725515581,44.11826645811104,21928600,1,0.9331504
2021-02-12,44.897708892822266,45.03942573572271,44.63199023473345,44.79142210534595,13137100,1,0.9683337
2021-02-16,44.52570343017578,44.92428310655413,44.42827246719485,44.835707968027805,15093400,0,0.27244735
2021-02-17,44.40169906616211,44.720562788960464,44.18912212469792,44.286553082085845,12794300,0,0.29237688
2021-02-18,44.96856689453125,45.039423623260085,44.31312441511108,44.42827040044082,12747100,1,0.99155855
2021-02-19,44.38397979736328,45.02170718200759,44.25997800119256,44.98627713201723,15968800,0,0.10876343
2021-02-22,44.84456634521485,45.06599911925767,43.99426192500546,44.15369379261997,14370900,1,0.9050365
2021-02-23,44.764854431152344,45.624011374006834,44.65856425733415,45.17228996106654,16222300,0,0.30747065
2021-02-24,44.915428161621094,45.08371925137835,44.40170582464789,44.63199444905731,14442000,1,0.54834396
2021-02-25,44.4371223449707,44.95084794328731,44.26883467248541,44.702844346194105,14211100,0,0.4067598
2021-02-26,43.391963958740234,44.472553500635094,43.37424893296548,44.46369767714556,23638400,0,0.035249185
2021-03-01,44.19798278808594,44.67627500929411,43.75511724262935,43.79054391838094,13901200,1,0.87510866
2021-03-02,44.375118255615234,44.78255705142948,44.02082791077961,44.14482970041185,11755100,1,0.94358516
2021-03-03,44.268836975097656,44.78256260013533,44.02968918883485,44.03854839136075,15410700,1,0.7200974
2021-03-04,44.2333984375,45.25199028965774,43.94996482936474,44.56112129217743,22036400,0,0.31004316
2021-03-05,44.98627853393555,45.12799535951781,44.19797848045953,44.33083610387035,21310800,1,0.9725329
2021-03-08,45.73915100097656,46.49202442272242,45.314000501320514,45.588578343904885,25084900,1,0.6803797
2021-03-09,45.048282623291016,45.951728717388626,45.01285256968816,45.81001188177307,23082700,0,0.100142844
2021-03-10,45.562007904052734,45.730298980418475,44.92428379092837,45.331719297968185,21331600,1,0.7340549
2021-03-11,45.06600189208984,45.553153349198425,45.00400098184672,45.535438320729504,17417700,0,0.44122785
2021-03-12,44.97667694091797,45.262469687559495,44.83378056759721,45.182090264634176,17598600,0,0.079249404
2021-03-15,45.5750617980957,45.655441233999106,45.074926114180165,45.101718123841685,13411900,1,0.9685162
2021-03-16,45.744754791259766,46.01268511554396,45.583995915305465,45.726892315384966,14214200,1,0.94018066
2021-03-17,45.76262283325195,46.10199969539491,45.68224338549823,45.771552368816,17502700,1,0.72817165
2021-03-18,45.16423034667969,45.71795339875249,45.0927838594373,45.6018524311188,18007300,0,0.11555505
2021-03-19,45.37858581542969,45.61972414669678,44.80699676710075,45.065997575526794,67845700,1,0.65929896
2021-03-22,45.54827499389648,45.61972490371794,44.940964388091,44.940964388091,17911400,1,0.9474846
2021-03-23,45.896583557128906,46.128792350907126,45.39644782945728,45.5393442383519,16936700,1,0.9673629
2021-03-24,46.01268768310547,46.34313498793136,45.68224037827959,45.70009944823203,14997400,1,0.7801256
2021-03-25,46.459232330322266,46.49495727864131,45.700092509676146,46.17343955760706,17091900,1,0.9871666
2021-03-26,47.37020492553711,47.432721890682515,46.22703026233738,46.56641050664035,17126700,1,0.98668915
2021-03-29,48.09362030029297,48.17399974854143,47.07548289375867,47.09334537191604,17514100,1,0.9503407
2021-03-30,47.468448638916016,48.04003428866755,47.27196479421922,48.004309333828274,14871800,0,0.2732498
2021-03-31,47.07548141479492,47.48630817874936,46.88793051041389,47.361274242495334,15826500,0,0.21045351
2021-04-01,46.896854400634766,47.46844339415092,46.852199915479126,47.29875158087314,15834700,0,0.276737
2021-04-05,47.1647834777832,47.53095567104689,46.70036938270659,46.753953396845645,16368700,0,0.4059666
2021-04-06,47.50416564941406,47.91499577698631,47.245168268865825,47.370202191941296,15614300,1,0.9498992
2021-04-07,47.58455276489258,47.781036622526535,47.44165634304591,47.58455276489258,10062700,1,0.9395897
2021-04-08,47.441646575927734,47.673855342946894,47.30768312441859,47.48630105976411,9695600,0,0.37121728
2021-04-09,47.4952392578125,47.58454823537065,47.1647919525444,47.48630631590522,10828200,1,0.52271676
2021-04-12,47.64705657958984,47.82567790930478,47.4237807691758,47.62919751284499,8565300,1,0.66084737
2021-04-13,47.41485595703125,47.59347730453201,47.16478811468149,47.37020147188577,11071700,0,0.27914572
2021-04-14,47.40592575073242,47.5041642538923,47.02189105147155,47.316613374788744,9787600,1,0.5381717
2021-04-15,47.62920379638672,47.923926133417254,47.441649501637535,47.45058244310694,13078100,1,0.95332694
2021-04-16,47.94178771972656,48.04895916693795,47.67385739823865,47.995375146791694,17974100,1,0.9519879
2021-04-19,48.22758102416992,48.54909877610475,47.60240799617653,48.22758102416992,19352900,1,0.792005
2021-04-20,48.37940979003906,48.75451499155488,48.057895426207224,48.084687438130096,14419200,1,0.7682092
2021-04-21,48.77236557006836,48.888469938274746,48.441918344931395,48.441918344931395,13866500,1,0.98724514
2021-04-22,48.62054443359375,49.00457914100832,48.51337298710468,48.64733985040515,12558900,0,0.3555337
2021-04-23,48.64734649658203,48.75451795771281,48.37941273337611,48.58482952701247,9020500,1,0.52271885
2021-04-26,47.92393112182617,48.68306769363519,47.852484617228754,48.64734614479613,11684600,0,0.026064534
2021-04-27,47.85247421264648,47.95964564969994,47.620265457625685,47.83461173865115,9852400,0,0.17231734
2021-04-28,47.86140060424805,48.272227258415725,47.72743376153677,48.209710306995355,10868100,1,0.63707
2021-04-29,48.45978927612305,48.54910166081113,47.71851522126708,47.81675714096442,15391000,1,0.9841441
2021-04-30,48.20972442626953,48.46872524767561,47.95072360486345,48.450862769621466,14912600,1,0.77266616
2021-05-03,48.65627670288086,48.94206954111563,48.37048386464609,48.46872579158667,10417900,1,0.8933271
2021-05-04,48.35261535644531,48.781304560336594,48.17399400309421,48.736650073728555,14151000,0,0.46609914
2021-05-05,48.22758102416992,48.44192732776611,47.96858023434255,48.35261494838482,9665900,0,0.36184666
2021-05-06,48.709861755371094,48.772378722744946,48.27223957683493,48.33475654420878,11572700,1,0.9119009
2021-05-07,48.68305969238281,48.91526845972843,48.370474898169945,48.62054273354024,10637500,1,0.8270986
2021-05-10,49.04030227661133,49.56723336214329,48.96885578390327,49.01351026771065,15545800,0,0.49818167
2021-05-11,48.513370513916016,49.24571494027462,48.2722322164196,49.147473033118445,12986700,0,0.1927381
2021-05-12,48.2633056640625,48.7277198130876,48.12040926489469,48.54909846239811,15836500,0,0.0667655
2021-05-13,48.68305969238281,48.92419799374077,48.07575257890049,48.20078649658564,15475800,1,0.9125283
2021-05-14,48.87954330444336,49.209990572211055,48.843818354706656,49.03137263736498,11725300,1,0.93739194
2021-05-17,48.79916763305664,49.13854786788163,48.6741337062577,48.97778898859184,12119800,1,0.8206945
2021-05-18,48.53123092651367,48.72771473247755,48.316884646651395,48.575885407800406,13232500,0,0.42374703
2021-05-19,48.37940979003906,48.388342731959426,47.87927406391013,48.33475530119456,15126100,0,0.3835538
2021-05-20,48.808101654052734,48.942065118477565,48.33475454037831,48.33475454037831,10948400,1,0.96318287
2021-05-21,48.78130340576172,49.22785507511085,48.42406411443373,48.94206227928092,16033200,1,0.67593366
2021-05-24,48.94206237792969,49.05816676613177,48.665202522803256,48.79023644536602,10326100,1,0.8033625
2021-05-25,48.93313217163086,48.95992418126387,48.54016452677961,48.95992418126387,11916500,1,0.8266458
2021-05-26,49.1474723815918,49.165334856012365,48.754508165095146,49.10281789899969,16064300,1,0.9698285
2021-05-27,49.55830001831055,49.629746505526086,48.924194132085866,49.30822879575999,59109600,1,0.98103446
2021-05-28,49.379695892333984,49.754797746456624,49.299316436890614,49.43327992468313,17011600,0,0.2483767
2021-06-01,49.370758056640625,49.70120878900633,49.20999916168415,49.42434549059922,13304000,0,0.46028274
2021-06-02,49.567237854003906,49.620825283580174,49.35289154261789,49.567237854003906,11328500,1,0.731432
2021-06-03,49.69226837158203,49.78158074807819,49.20999175925919,49.28144166045612,17364300,1,0.9830687
2021-06-04,50.2281379699707,50.44248088345127,49.81730780644779,49.92448267010726,18935100,1,0.91195846
2021-06-07,50.04951095581055,50.31744127088369,49.8440976006905,50.29064926145202,14010800,0,0.21725562
2021-06-08,49.70120620727539,50.23706689134879,49.61189382198373,50.23706689134879,10968300,0,0.2676617
2021-06-09,49.54936981201172,49.94233403067548,49.54936981201172,49.7905081076413,9838800,0,0.45532385
2021-06-10,49.93340301513672,50.12095388164362,49.79943616367833,49.93340301513672,12444400,1,0.86996645
2021-06-11,50.156681060791016,50.2013355442907,49.71012941195672,50.004855135508336,11825800,1,0.96388185
2021-06-14,49.985713958740234,50.129687076940534,49.67077383536143,50.11169000809176,9710800,1,0.61344665
2021-06-15,49.8597412109375,50.201678676526406,49.66177687308233,50.1926784252111,11154200,0,0.21830778
2021-06-16,49.1938591003418,49.90472785887907,49.16686521390792,49.88673079039321,15211700,0,0.032542948
2021-06-17,49.4458122253418,49.62577946887092,49.17586307634295,49.19385671136517,10658400,1,0.8296806
2021-06-18,48.38401412963867,49.148870700810754,48.339023172379726,49.04988853528707,31445600,0,0.071509235
2021-06-21,48.9149169921875,48.977905020578966,48.590976598979886,48.78894093540456,14404300,1,0.88609666
2021-06-22,49.09488296508789,49.355831890438125,48.82493035613452,48.89691863387943,13072800,1,0.9313645
2021-06-23,48.69895553588867,49.13087491552566,48.68995871723774,49.09488420833182,12339200,0,0.44685525
2021-06-24,48.9419059753418,48.96889986120682,48.5909717287375,48.82492674894378,11488400,1,0.85990554
2021-06-25,48.87892150878906,49.01389781311206,48.59997208173021,48.80693666371614,18880300,0,0.3680999
2021-06-28,48.82493209838867,48.92391426752496,48.59097705254939,48.81593527964453,10556900,0,0.32092547
2021-06-29,48.464996337890625,48.896915680502026,48.339020292036025,48.70795161172013,12300900,0,0.09685689
2021-06-30,48.6899528503418,48.7529408710789,48.36601249649973,48.411003449513416,14614200,1,0.9249723
2021-07-01,48.55498504638672,49.02289859122024,48.46500312463001,48.89692252772473,13214700,0,0.274254
2021-07-02,48.7529411315918,48.99589639827158,48.59097095380527,48.59097095380527,10604600,1,0.8835014
2021-07-06,48.48299407958984,48.67195815099615,48.18604759658864,48.58197624059024,15278200,0,0.3441416
2021-07-07,48.87892150878906,48.93291271703626,48.339023156677094,48.339023156677094,14377700,1,0.9743722
2021-07-08,48.70795440673828,48.74394511291214,48.35702013526565,48.5999719904467,11943900,1,0.6278091
2021-07-09,49.00490188598633,49.058893098997366,48.752949757115445,48.81593778933317,10847000,1,0.9841112
2021-07-12,49.02290344238281,49.130882445694205,48.83393932844021,48.87893029377074,15107600,1,0.9281609
2021-07-13,49.50880813598633,49.76076025752731,49.26585283339029,49.445820105601086,15170800,1,0.78655654
2021-07-14,50.62459182739258,50.705576916711735,49.45480987368565,49.50880107742832,22002700,1,0.99162185
2021-07-15,50.78657150268555,50.81356882590001,50.309661127844414,50.60660765507103,15068200,1,0.9887671
2021-07-16,50.75057601928711,51.00252812832195,50.624596532179645,50.80456379545741,14860500,1,0.57385564
2021-07-19,50.14768600463867,50.70558142927088,49.634781537501155,50.46262957228155,19527000,0,0.17518944
2021-07-20,50.2376823425293,50.68759888108281,49.95873285289344,50.147696975264125,16257900,0,0.4952872
2021-07-21,50.88554763793945,51.79438075042329,50.77756865567056,51.58741960416211,20918200,1,0.7847188
2021-07-22,50.81356048583984,51.05651575935149,50.43562891618068,50.94853334939756,13402700,1,0.8219069
2021-07-23,51.299468994140625,51.58741866258524,50.795564797689806,50.921540846802515,12144000,1,0.91390353
2021-07-26,51.34446334838867,51.398451122206914,50.8945469260906,51.191489979860584,8681100,1,0.80585086
2021-07-27,51.52442932128906,51.77638486245091,51.218486004056125,51.389456448521315,12794400,1,0.890481
2021-07-28,51.056522369384766,51.43445055538261,50.95754019707384,51.28148060369498,9858000,0,0.23790453
2021-07-29,51.33546447753906,51.515431737813614,51.16449746820273,51.35346154682552,9599100,1,0.6180182
2021-07-30,51.31747055053711,51.51543489221992,51.20049474189745,51.42545297286784,11727000,1,0.5353936
2021-08-02,51.182498931884766,51.506439341673634,51.029525546111,51.47044520001037,9778000,1,0.5257268
2021-08-03,51.21848678588867,51.29047506520238,51.06551684123219,51.29047506520238,8825500,1,0.8466593
2021-08-04,50.480621337890625,51.24548131730709,50.39963624436629,51.065514061409694,11888400,0,0.048965972
2021-08-05,50.84055709838867,50.9215421939021,50.651593019720686,50.7865658905164,9806800,1,0.8198538
2021-08-06,50.96653747558594,51.056522829675416,50.78657019999726,50.93054333395015,10409300,1,0.9071313
2021-08-09,50.97554016113281,51.18250133653462,50.777575805274374,51.11051304982594,8859900,1,0.8246752
2021-08-10,51.110504150390625,51.443441336970686,50.984528103176,51.14649828747762,10906900,1,0.7476705
2021-08-11,51.047515869140625,51.45244132785096,51.02951880068796,51.191488984172096,8370700,0,0.29982382
2021-08-12,51.14649963378906,51.27247568431971,51.04751747048929,51.04751747048929,6169200,1,0.63237077
2021-08-13,51.4974365234375,51.56042455191389,51.08351421270976,51.11950835257915,7714200,1,0.98425657
2021-08-16,51.72239303588867,51.73139328685302,51.31746755724281,51.470440930326795,7972000,1,0.97999007
2021-08-17,51.54242706298828,51.79438260743579,51.29947176973001,51.7043972584938,10346400,0,0.19951825
2021-08-18,50.84055709838867,51.49743468084644,50.768568821225635,51.46144054226492,13873700,0,0.02831382
2021-08-19,51.16449737548828,51.27247635842135,50.345649603683384,50.44463176828451,9223700,1,0.9525449
2021-08-20,50.96653747558594,51.31747177505921,50.912549695722525,51.14650475117462,10543600,1,0.90539485
2021-08-23,50.78657150268555,51.06552095863263,50.73258372143734,50.99353267351454,8912800,0,0.35643277
2021-08-24,50.39963150024414,50.96652710155254,50.300652779777856,50.96652710155254,12067200,0,0.047907587
2021-08-25,50.453636169433594,50.54361809663646,50.14769281131717,50.4446393497495,11270700,1,0.6514925
2021-08-26,49.97672271728515,50.37264797836799,49.94972539470454,50.34565408837766,10331500,0,0.08574918
2021-08-27,50.07570266723633,50.201678725051345,49.89573539924768,50.084699485970205,8844100,0,0.28295007
2021-08-30,50.55261993408203,50.57061700660503,50.06670927373276,50.11170023874497,10034700,1,0.9808095
2021-08-31,50.66959381103515,50.85855790358383,50.39064436542265,50.53461749773454,14185700,1,0.96878827
2021-09-01,51.01152801513672,51.11051018752271,50.64259664789179,50.73258200123827,9518900,1,0.9811063
2021-09-02,51.0835075378418,51.317462551242734,50.759567186525366,51.0835075378418,11653200,1,0.8705897
2021-09-03,51.047515869140625,51.08351000604595,50.61559652404621,50.804560593914424,13220400,1,0.6767475
2021-09-07,50.09369659423828,51.01152657695418,49.949723465533246,50.93054147752072,20035300,0,0.027810529
2021-09-08,50.76857376098633,50.82256497411193,50.0397112630375,50.0397112630375,12040100,1,0.85366833
2021-09-09,50.26466751098633,50.768571749835594,50.21067629999954,50.55261377106882,12545400,0,0.32233623
2021-09-10,50.03971481323242,50.507628395747304,49.958729704093486,50.39964596183502,10573700,0,0.049003847
2021-09-13,50.453636169433594,50.75058270786593,50.15669306359175,50.15669306359175,20274300,1,0.9366898
2021-09-14,50.48989486694336,50.752816685894,50.36296804634553,50.698417994853585,13918900,1,0.95279706
2021-09-15,50.66215133666992,50.77094525097164,50.245101657936985,50.48082584050293,15746000,1,0.97331345
2021-09-16,50.181644439697266,50.761886790666054,49.70113475533685,50.51709785943624,17430400,0,0.16265494
2021-09-17,49.35661697387695,50.03658507939131,49.293153560708674,49.88246063555311,33370200,0,0.058503296
2021-09-20,49.01210021972656,49.320352552875654,48.71291260586282,49.05743073314627,27542500,0,0.08533291
2021-09-21,49.003028869628906,49.7011297982881,48.90329967146384,49.311281182822626,16418200,0,0.28991756
2021-09-22,49.075565338134766,49.46541399240539,49.01210192543923,49.42008001891149,12719700,1,0.8096729
2021-09-23,48.99396896362305,49.51980916219738,48.95770316827403,49.19342392104944,13836200,1,0.59704995
2021-09-24,48.85797119140625,49.17529169498188,48.83077357568415,48.95770039371584,9682200,0,0.15262026
2021-09-27,48.60411071777344,49.18434949486037,48.567844929581526,48.82169852993308,12429500,0,0.050485622
2021-09-28,47.72468948364258,48.46812092866389,47.53429926300216,48.46812092866389,19926100,0,0.13807742
2021-09-29,48.01481246948242,48.1961379848204,47.652164897302995,47.72469302834026,13941500,1,0.8619145
2021-09-30,47.57057189941406,48.35026924868965,47.534306102122926,48.20520605952509,17672000,0,0.063844405
2021-10-01,48.06920623779297,48.232398839031305,47.66122473469713,47.85161494997646,16277400,1,0.9024084
2021-10-04,48.042015075683594,48.53158948665113,47.50710669056457,48.10547848929969,18973400,1,0.9614514
2021-10-05,48.12360763549805,48.477190471935415,47.98761264063919,48.06920894585523,17173100,1,0.9031998
2021-10-06,48.69478225708008,48.7491809511284,47.60683258559033,47.842556801303054,21284500,1,0.9927833
2021-10-07,48.848907470703125,49.2115550355631,48.78544406039022,48.94863667505097,13774400,1,0.7352147
2021-10-08,49.06649398803711,49.31128290339357,48.86703904324386,48.95770006737748,13786800,1,0.91668487
2021-10-11,49.166229248046875,49.31128897963307,48.966770820179555,49.148096349286504,12378500,1,0.9458395
2021-10-12,49.166229248046875,49.71020583536772,49.15716452791509,49.33848659852523,19474400,1,0.59505284
2021-10-13,49.17529296875,49.34755030361258,48.767311429868634,49.11182609959379,12143300,0,0.18315132
2021-10-14,49.510746002197266,49.692071526157505,49.23875944550526,49.31128757999133,13704000,1,0.9427931
2021-10-15,49.392879486083984,49.75553050164924,49.22062215586351,49.53793920061081,17867000,1,0.752325
2021-10-18,48.90330123901367,49.31128276344992,48.83077311161187,49.27501697050084,15861800,0,0.07001272
2021-10-19,49.093692779541016,49.139023289500265,48.749174678557566,48.99396358253295,11068500,1,0.649307
2021-10-20,49.52886962890625,49.6467282576957,49.057424738260245,49.120888140991816,12474800,1,0.98611593
2021-10-21,49.27501678466797,49.56513621017375,49.14808996832124,49.501672802000385,14388300,1,0.78246146
2021-10-22,49.36567687988281,49.438205000565965,49.021158795773715,49.31127819549841,12828600,1,0.6556686
2021-10-25,49.166229248046875,49.38382057467457,48.97583899880814,49.30222425950129,11855000,0,0.39243966
2021-10-26,49.383811950683594,49.48354114720135,49.166220662054286,49.24781696297825,12086700,1,0.6266402
2021-10-27,50.33576965332031,50.843480386373415,50.109113631894246,50.74375118358652,24019800,1,0.87409604
2021-10-28,50.80721664428711,50.87068005616908,50.42643271449873,50.544294818778056,15928000,1,0.9933175
2021-10-29,51.10639572143555,51.19706019974387,50.57148740415317,50.65308370538255,24463700,1,0.9889342
2021-11-01,50.925071716308594,51.133598293283114,50.68028626394016,51.12453011593831,11651100,1,0.60862374
2021-11-02,50.861602783203125,51.22425375067709,50.74374415849564,51.19705613859012,11498900,0,0.35377797
2021-11-03,51.03386688232422,51.07013267313948,50.57148669567002,50.77094508665781,10788300,1,0.77627045
2021-11-04,51.314918518066406,51.34211959063965,50.79814309962534,50.87067468182573,10820200,1,0.99116933
2021-11-05,51.53251647949219,51.82263592887102,51.305860443508934,51.53251647949219,12886700,1,0.77288175
2021-11-08,51.07013702392578,51.5778443046076,50.88881151289807,51.45091748443714,12828000,0,0.14660709
2021-11-09,51.21519470214844,51.242392317246086,50.85254369453033,51.14266311722629,10155800,1,0.68199956
2021-11-10,51.42372512817383,51.60504719925174,51.03387645006204,51.26053249740625,8813600,1,0.8609669
2021-11-11,51.441856384277344,51.56878321337743,51.287728478586736,51.523452697055504,7257700,1,0.618476
2021-11-12,51.32399368286133,51.66851182822698,51.26959498880465,51.45092051049692,10162500,1,0.5576263
2021-11-15,51.33305358886719,51.38745227782263,51.0157365495346,51.25145728468218,10289200,1,0.63357586
2021-11-16,50.970401763916016,51.62316868416257,50.943200692471045,51.33304928438721,13756500,0,0.041547067
2021-11-17,50.68934631347656,50.81627311664115,50.45362560167032,50.80720839862769,13288700,0,0.23904257
2021-11-18,50.236045837402344,50.70749082754172,49.991256892993626,50.616829792648176,15380100,0,0.20370305
2021-11-19,49.9821891784668,50.308574418124664,49.77366604390684,50.263240444897065,15813700,0,0.11602572
2021-11-22,50.29043197631836,50.789074460719405,49.93684918662482,49.95497862227932,16905600,1,0.7891369
2021-11-23,50.66215133666992,50.8706744467883,50.317633239802255,50.462692945036615,13835900,1,0.9800464
2021-11-24,50.254173278808594,50.62588901510112,49.89152226162234,50.50802691574112,12598900,0,0.31568754
2021-11-26,48.71290969848633,49.6376666427405,48.57691816634371,49.49260693335727,14754300,0,0.04891451
2021-11-29,49.48354721069336,49.61953875656629,48.89424013642076,49.00303406481843,22712500,1,0.8969097
2021-11-30,47.92119216918945,48.99930504929424,47.91205366994387,48.971893036873766,30485200,0,0.053567335
2021-12-01,47.784141540527344,48.898801423129875,47.76586802774348,48.40542703391405,18719600,0,0.04300028
2021-12-02,48.48765563964844,48.73434283192044,47.97600774249359,48.05823680658426,17074200,1,0.94930077
2021-12-03,48.91707992553711,48.98103548414612,48.40543197134847,48.72521324971007,21064400,1,0.9540792
2021-12-06,50.16877746582031,50.47942019102386,49.46526295623238,49.62058606149213,26624100,1,0.9884918
2021-12-07,50.4428825378418,50.63474921646465,50.11396624002171,50.26928937413302,23832700,1,0.99003065
2021-12-08,50.251014709472656,50.57079249986087,49.66627618686761,50.36065231113197,18026300,1,0.92354995
2021-12-09,50.123104095458984,50.369791315651185,49.876416875266784,50.02260150738255,13846400,1,0.6693299
2021-12-10,51.42048645019531,51.457033475417106,50.31496507710739,50.47942320528928,23153600,1,0.98948205
2021-12-13,52.77269744873047,52.928020570426426,52.04177433717504,52.060047850628465,31362800,1,0.99030274
2021-12-14,52.80924987792969,53.14730119810931,52.443790027424235,52.443790027424235,24806600,1,0.92989707
2021-12-15,53.04679489135742,53.22038803538562,52.672196591379375,52.92801880054013,24923800,1,0.98373866
2021-12-16,53.58586120605469,53.79600141453011,52.900620031989114,52.97371061152468,24696900,1,0.9805384
2021-12-17,52.74528884887695,53.8325367579924,52.71788032139256,53.43966841788962,51874400,0,0.100281276
2021-12-20,52.57169723510742,52.79097243202108,52.07832281407707,52.26105446838272,20879500,0,0.17663905
2021-12-21,52.78184509277344,52.96457677365034,52.56256637865776,52.635660445135294,15864900,1,0.8797359
2021-12-22,53.156436920166016,53.16557193469162,52.52601635840479,52.72701804581643,12447400,1,0.9660736
2021-12-23,53.1929817199707,53.54930652191853,52.93715601485928,53.46707745336777,11027300,1,0.8505155
2021-12-27,53.58586120605469,53.622404753164055,52.99198412773779,52.99198412773779,9860000,1,0.9920814
2021-12-28,53.79600143432617,53.85081849766881,53.266079919901706,53.35744750100085,8979900,1,0.98982435
2021-12-29,53.85994720458984,53.996993323342934,53.59498649555784,53.85994720458984,9996000,1,0.8935139
2021-12-30,53.704627990722656,54.11577334749522,53.686354476497606,53.960453704556954,7703900,0,0.18028049
2021-12-31,54.09749984741211,54.22541096170446,53.63153743315904,53.677219476075386,10021300,1,0.97252053
